Id,Name,Birthday,Gender
3f8bcc0f-114d-4e70-b9d4-4f670aa4671b,Abel Nader,04/24/1968 22:58:23,Female
f8a839b5-5caa-4921-94ee-eaef51614817,Abraham Cartwright,02/18/1964 20:39:58,Male
d52df114-c624-45aa-ab30-72909624af7b,Ada Boehm,03/22/1935 02:51:26,Male
e6061279-0708-4fc9-ac0c-f0e7739c681e,Ada Gulgowski,07/28/2005 02:59:45,Female
a7f5d3d1-1fed-4985-987f-911f73bb5a1d,Ada Schroeder,07/08/2003 13:08:57,Male
84a0e5cd-d058-40ce-b070-369a7b0f702b,Adrian Schumm,06/05/1872 21:01:33,Female
af4c05b1-efb0-4850-9247-aa199e0387e4,Agnes Dare,08/25/1997 07:14:30,Female
a1b0b3b1-9600-4543-b014-d1a6a05d80ff,Al Buckridge,12/30/2010 12:03:06,Female
e2d124cb-e434-4567-b175-84c40d486d62,Al Macejkovic,05/02/1939 21:55:19,Female
f2b682fb-3e77-45f4-aae3-2516662496d2,Al Willms,08/21/1928 21:26:24,Female
21ae3b9f-099d-4cc9-bb3c-ceae4de0bd65,Albert Connelly,10/18/1931 07:10:21,Female
db78f578-002e-4ea6-acbe-2a8ca37549a6,Alberta Legros,01/03/1863 18:56:43,Male
5bf57fef-9663-4e9c-85ce-076878789136,Alberta Pfeffer,07/01/1895 12:36:53,Male
fe793722-8986-4d81-89ac-6af03b57e632,Alejandro Wuckert,10/21/1973 16:41:58,Male
f69f724e-a19e-4854-b4dc-e6da1f347674,Alexandra Gutmann,09/04/1911 18:09:59,Male
02198740-759e-4196-b0df-dbe96e443af1,Alexandra Monahan,04/18/1952 01:37:42,Male
9a35634d-7134-462d-9d1c-b2844627b3b4,Alexandra Reichert,04/26/1907 02:26:29,Female
b2f3c7e5-9e27-4e89-9b94-95554c3baac8,Alexis Hyatt,01/03/1936 02:01:01,Male
26b2a5f5-321e-457a-8928-71a7f9602035,Alfred Emmerich,09/14/2009 20:51:47,Female
406237e2-00b3-431b-99be-5205b40360c6,Alfred Schinner,08/20/1876 10:23:37,Female
cfb78995-ff6c-483a-955e-eb5447609ccc,Alfredo Carroll,07/01/2006 05:53:22,Female
f98c86aa-eb32-4836-810d-62cac36fc5d7,Alfredo Dicki,10/04/1862 08:20:08,Female
3cd1938a-20ce-470f-8fbc-dd4bea040d58,Alfredo Wehner,10/13/1887 20:52:03,Male
07d8f0ed-7194-4a79-ac73-ae748b370d90,Alfredo Wintheiser,03/22/1933 07:11:46,Female
2829f747-2e5a-4a7b-a6ff-b9ee33ee07ff,Alice Murazik,04/24/1975 23:19:13,Male
de3fe271-10d1-48d7-ab99-b0b91efa5094,Alison Pfannerstill,06/11/1978 17:45:51,Female
b9bdeeed-eeaf-4272-90b2-badcf2410884,Allan Beer,01/14/2005 09:48:41,Male
df9e4814-d731-4f1d-94a7-0a407477255b,Alonzo Heaney,01/12/1897 20:56:56,Female
9b8fe5fa-5876-47ff-9a9e-b28a17067f66,Alonzo Herzog,07/25/2002 06:18:52,Female
0aa9c870-876b-4173-bf09-3b9b2907f9da,Alonzo Wilderman,10/23/1962 22:18:01,Female
dd188ad4-cee4-4cd9-aa6b-ac3a61b82931,Alvin Altenwerth,12/20/1872 23:00:50,Male
2c842fc0-0d9a-4ddc-ab49-bd2d0a9d2763,Alvin Huel,01/12/1906 08:38:48,Female
a3b858d4-39ae-41ea-9662-9b98bc56a070,Amanda Sauer,08/28/1949 01:50:03,Male
0322ce76-564d-4b93-a6bd-d7311289a536,Amber Carroll,05/16/1920 19:35:54,Female
f3a072a5-f94a-49ae-adc1-7792b5f4e545,Amber Kirlin,07/27/1964 04:47:28,Female
2878f140-dcc9-4485-bb01-80fba93c9d22,Ana Langosh,01/14/1949 20:00:21,Male
958f009f-f79b-4b27-ba50-0b7594587bd5,Ana Little,03/17/1921 17:16:13,Female
99ee0d34-4073-4026-ab35-97792cd78995,Andre Kassulke,01/01/1988 10:25:20,Male
17f3cfdf-1b8b-42bd-93f7-8c88493aadaa,Andrea Muller,12/10/1965 08:19:22,Female
67cb9da4-64fc-4535-94b2-606f81ce101b,Andres Schimmel,11/03/2007 02:36:44,Male
f0aaf4f4-4a26-42e5-a5c0-5190f76a24d0,Angelica Hills,02/06/1913 02:10:14,Male
0df02f16-9751-40b4-bc69-5f17db44dc7a,Angelo Waters,10/11/2009 16:40:48,Female
4a0b6081-dddd-49a5-b209-b1334cb10ad9,Angie Barrows,11/13/1889 13:06:58,Female
b7e8f17d-d359-4af8-9569-ca4dadd8b62e,Angie Kunze,06/12/2007 20:26:14,Male
081bcea7-ab1e-4395-a429-d6ecaee92c06,Angie Weissnat,05/13/1889 05:57:36,Male
ec517e4b-0544-45fb-9ccb-2430ad93121f,Anita Boyer,04/10/2010 18:25:20,Male
4957db93-f656-4788-b5f0-2d92ba2155da,Ann Douglas,04/28/2005 18:09:50,Female
b60dee4c-e342-41ad-b05e-950086ea1352,Anne Haley,08/23/1985 10:51:59,Female
8a0a17da-7ab2-4b69-93b3-76e6dff8c1d0,Anne Stehr,05/08/1936 19:15:59,Male
dcc4f321-3a06-46d9-ab00-c1acb886bd46,Annette Cassin,06/21/1928 15:30:24,Male
b317ef1b-c245-4982-ae8e-1ef5172cb68e,Annie Lubowitz,08/20/1890 13:19:19,Female
9deb3039-bf49-47be-b1a9-8010d59c566a,Anthony Schaden,07/08/1984 11:38:02,Female
3fb327c9-9c8d-408d-9e12-cbfc96199f2f,Antoinette Hackett,09/01/1987 04:32:14,Female
ab533670-43b0-49ea-a5e2-470b806a8813,Antoinette Weimann,09/25/1877 00:03:23,Female
932c2907-08cb-4d52-a115-e068e456f5c4,Antonia Bartoletti,12/17/1963 21:32:30,Male
6ea37cec-c25d-48cb-bb41-31176befa5c9,Archie Abbott,11/05/1989 20:47:47,Male
f9564303-fd97-4355-8fae-9a06fc3ad4c5,Archie Deckow,10/15/1941 08:34:04,Male
fa5ee26d-ad89-4651-a5f0-169ba07faa2d,Archie Hermann,06/30/1931 08:11:43,Female
01880233-b2bf-4284-9799-f4c52d6a2737,Arlene Gislason,11/08/1883 13:06:10,Female
a2bb9d6c-7ce1-4df2-805a-7b12d92a9b7e,Arlene Nicolas,06/15/1868 23:08:46,Female
62fcf355-0eb4-4062-a2ba-672d63b0179a,Armando Smitham,03/17/1924 15:17:04,Male
c83ecf9e-26d0-4c1f-b838-7bfd191a5d0c,Arnold Roberts,10/17/1952 16:34:59,Male
fa7326f6-c78c-4553-9f2c-4fa166f67de4,Arthur Armstrong,10/28/1941 04:35:58,Male
01d5f612-e3a1-49ad-8e07-c125bff4d784,Ashley Klocko,08/05/1901 01:11:21,Male
8afd54e6-c80c-48b4-a1d1-e7f4956d80f4,Ashley Moore,06/20/1989 02:21:15,Female
8f635c65-9309-478f-8649-b4ebacedbd1d,Aubrey Bernier,03/19/1891 13:06:01,Male
b445332e-50f5-40d4-b03e-8cecb32a00d9,Aubrey Moore,11/12/1899 09:29:37,Female
eb83b66e-a0ed-4979-b68f-fad75f3642b6,Aubrey Murphy,05/22/1999 13:12:04,Female
8411736d-5f13-4fd1-9a74-7dd8f044274c,Audrey Jast,01/27/1968 16:13:55,Female
53f57b41-de89-424e-ac99-265757bf33f0,Audrey Kling,05/11/1961 15:49:30,Female
e3db3c75-493d-447e-9d17-8a61b6f3e2bc,Barbara Lesch,06/03/1979 04:58:37,Female
050e25cc-d96a-49b6-9258-ce4a6ee0cdd7,Barry Botsford,02/01/1914 10:21:43,Male
cf7eb0ea-43ab-43fc-aec2-ce2fc415d0c6,Barry Schultz,11/08/1988 03:14:14,Male
25b6d2db-ec12-4d11-9201-038d1763285a,Barry Treutel,02/11/1980 16:58:20,Male
e8a9ce5a-0b04-4fae-81ac-91626f56b233,Ben Armstrong,02/21/1994 16:42:43,Male
c6b82a95-b3fc-4d8b-9b53-633d6736a86c,Ben Hermiston,12/26/1983 09:04:46,Female
a2fff45b-05ba-4f5f-bb54-1d3111a4386e,Bennie Howell,11/21/1997 10:45:21,Male
d8ea1bc4-1ca9-4817-a89d-a5d72c124076,Benny Monahan,08/05/1868 07:45:21,Male
c193930e-e2f4-4b24-9006-c724bb0bf178,Benny Senger,08/13/1994 15:44:02,Female
56a114c9-20ec-4543-a20f-092141ccda72,Bernadette Hirthe,06/25/1951 21:50:07,Male
914beea8-1abb-4024-9cf9-338f21ba4864,Bernadette Koelpin,04/24/1891 11:39:19,Female
59ee89a5-0f79-40a6-9f85-45a7b10979de,Bernadette Steuber,12/30/1986 18:47:52,Male
3006ea37-2ef3-41a1-8971-57042746845b,Bernard Corwin,05/25/1989 22:37:20,Female
85c41fef-c8f8-4d85-8b82-5f5ffa56a104,Bernard Hermiston,11/26/1934 13:57:54,Female
b2eee179-85e5-4b1c-83b3-9e902b82d01c,Bernard Kunde,12/30/1942 00:50:00,Female
90c221d9-da50-4e4a-aefa-d752f2efdbfa,Bernice Keeling,09/18/2001 10:23:53,Male
35f33353-9a35-4c65-a97b-0bac1c1c39fd,Bert Mante,05/30/1871 15:03:11,Female
1f333ed0-88a7-459f-afd7-501fb68b0922,Bertha Wiza,11/30/1996 06:14:22,Male
73ad7f77-e2d8-47a0-b6b7-45b6403c1d0e,Betty Littel,05/15/1930 23:46:18,Female
65a592aa-b699-4898-9d58-2b528be6cb08,Betty Raynor,10/04/1888 10:48:30,Male
ce7b7fbf-90fc-45f2-af7c-4e9f9a9f96b8,Bill Wolff,08/31/1898 05:38:08,Female
ba5cff58-8180-4364-b565-c575dd919462,Billie Lakin,08/24/2005 23:15:29,Female
7e0c4cb6-d09d-4c67-ae41-b7091a19833f,Billy Toy,06/15/1969 13:31:35,Male
504ea9eb-3382-4bb9-a0cf-972ad0825034,Blake Deckow,02/06/1888 16:20:35,Male
0b5f38f9-9dcc-4a85-a6f7-14cca3e3d7c2,Blake Kuphal,05/17/1892 23:58:47,Female
d4072334-9688-4242-b961-0827efa2b102,Blanca Daugherty,08/31/1966 20:04:52,Female
8f2d81a3-6b47-4436-a353-ac94816dcdb7,Blanca Hagenes,04/12/1950 00:02:35,Female
49a99ecf-2028-4924-84cc-906ff714a0b5,Blanca Lebsack,11/18/1899 06:39:06,Male
b3239d41-ac68-422e-a447-d3a7ebc33a48,Blanca Schmeler,03/31/2005 18:29:00,Female
06df9a13-4644-4488-85d5-862e8383a7cb,Bob Thompson,06/10/1991 05:55:45,Male
0e1821f8-ef4c-49a8-a9a4-80e06f55b343,Bobbie Ortiz,07/14/1926 10:03:30,Male
8e4c301f-3dd4-4d86-ad87-9bc6a345d8a3,Bobbie Schmitt,03/26/1988 09:18:00,Female
6927e209-200e-436d-a75d-b77e0cdf2893,Bonnie Kuvalis,09/24/1892 09:32:17,Female
0826f711-db0a-48a1-8a02-761cf11660e9,Bonnie Russel,03/25/2012 13:06:39,Male
2c098a4a-1e17-4d20-978f-db388e332144,Boyd Gleichner,01/16/1972 01:37:02,Female
23d0232d-8458-4692-bed5-c2f584358697,Boyd Price,05/23/1954 20:16:07,Male
014d74da-efc9-4113-8abb-3f64baa73f3e,Boyd Windler,11/06/1994 19:31:14,Male
809d74a3-9bb0-4058-93e8-934e5efaee5b,Brad White,03/10/1930 00:43:05,Female
482a32cd-d33d-49a1-a12c-c999b31e21fb,Bradford Schamberger,03/09/1967 06:06:51,Female
a6c00492-6dcc-491a-b1fd-596d48f8c428,Bradley Bode,10/20/2009 11:42:27,Female
b347a3d0-d8c5-4d9c-bf2a-5b84c24263ce,Bradley Pagac,04/30/1867 17:25:14,Female
b3f020b7-bf88-4f2f-aee7-ba2b584dc62c,Bradley Zboncak,07/24/2010 06:06:20,Female
1b178f8c-7360-444b-8e23-558d492da637,Brandi Swift,11/10/1911 23:15:31,Female
ab9939a9-7eb9-4cf5-b88e-b56529f67aba,Brandon Gaylord,03/25/1974 23:46:42,Female
ddaf526f-6005-4b90-b2db-4819fa79871a,Brenda Price,06/17/1867 01:16:09,Female
6439a3d6-fb8b-4336-9986-a807c2529e0a,Brent Kling,03/25/1929 21:57:36,Female
291c2fce-4377-497b-af81-ed907d161ab4,Brett Fay,02/09/1979 06:50:01,Male
01ef6fad-2827-45c2-8368-7b92fba7b095,Brett Ritchie,01/04/1994 09:12:40,Male
caca5819-eef9-44ee-9991-25dc59bebdc1,Brett Weissnat,09/20/1865 09:52:26,Male
736e2bc7-76d3-4477-8565-7abe24137653,Brian Bogan,03/16/1901 07:40:27,Male
d107b0bd-c302-4045-8864-b7a0b1cec671,Bridget Kassulke,07/31/2011 18:13:37,Male
ccc84876-0e6a-4a4b-8d2f-6cddbe858410,Brittany Metz,02/27/1919 00:44:04,Male
f237c51c-585a-4d9e-a56c-95c869b6b8ee,Bruce Hahn,11/30/1986 13:37:16,Female
e5701ff8-83e9-4ace-9139-1f0d2aa7058d,Bryant Grimes,06/30/1951 17:13:29,Male
909be5de-61ac-4603-94b4-079d4b571780,Byron Crona,01/04/1921 08:41:09,Female
3dfa8b4e-69ad-446d-a48b-3d860a7d89d3,Byron Fay,12/21/1994 22:25:00,Male
146d87b5-8486-49b1-aec2-4a15f26e2303,Caleb Mohr,06/30/1995 19:32:43,Female
cd3e7f84-4aab-4108-8db2-83e89140b1ac,Cameron Daugherty,05/01/1882 06:37:59,Female
a165ca7c-dfde-4565-9483-3d9ab88eb396,Camille Moore,11/29/1956 04:32:31,Male
7dfe98c5-c066-4194-9f4e-840295e59c01,Candace Lynch,06/11/1891 13:38:49,Male
0db7fe8a-973b-4c0e-9f8f-11e211c778ad,Carlton Swaniawski,02/28/1867 06:53:23,Male
ffa0d746-4451-4ffa-b76a-5165bb1e0aad,Carmen Schinner,10/16/1868 19:19:18,Male
e85b9368-cde1-4f00-bcc1-deaa2de14b51,Carol Thiel,02/08/1872 16:21:38,Female
d9ef73a0-62bd-4e09-a325-9a627cad94c8,Carole Volkman,11/25/1960 11:22:32,Male
ca7e84f7-f4f9-4cfb-83c1-3d718ee26ee3,Caroline Barton,10/19/1911 16:42:48,Male
b13839a7-076d-4a49-a057-c43e449f0408,Carolyn Rath,12/28/1891 03:45:28,Female
55d43da7-7028-4e77-be51-8d47de9d64c3,Cary Buckridge,09/29/1864 01:59:11,Female
0fa5a3aa-77c7-47e2-8227-521b55942fa3,Cary Lehner,05/21/1923 09:12:07,Male
05b44baa-4b10-408f-b359-a7f3cc2d0385,Cary Rempel,09/22/1883 07:12:01,Female
f5154a17-f926-4c17-a918-861d0e2d8c85,Cary Willms,07/12/1910 10:40:19,Female
134ce8db-ae7e-4d42-a041-accc742b02b6,Cary Wolf,10/12/1919 10:56:28,Male
8b462e23-244b-4877-8a1f-3ae0a8a1f97a,Casey Wyman,02/08/1994 15:02:18,Male
aff2c530-32f7-481d-8d1e-a457a7d9c91a,Cassandra Smith,07/02/1909 14:51:31,Male
c62d1757-6b38-44c3-9e54-90980d9caae9,Cathy Anderson,09/04/1913 04:26:59,Female
b49fec66-809d-48cd-937f-6ba19eb98aa1,Cathy Shanahan,10/18/1982 15:50:30,Female
47a60e67-b29b-4ac2-b29e-e66f115dc0c9,Cecelia McGlynn,05/28/1876 17:03:03,Female
b016b7fb-4d57-45d1-af68-1bee2dfbbe24,Cecil Tromp,11/25/1882 10:38:48,Female
75f80dde-59de-47d2-8878-491d574f89d5,Cecil Turcotte,04/17/1918 08:47:08,Male
b88d3c5b-d712-48f1-980e-082050d6726c,Cecilia Considine,02/04/1923 22:25:04,Female
099ffda7-ce6f-4a8f-acc6-50d7a589fe50,Cecilia Cummings,06/01/1972 17:04:38,Male
b969a54f-59c9-47c8-aafa-d9c335dd601a,Cecilia Feil,05/27/1965 00:34:14,Female
6d71d88c-492d-437e-b2b3-213a1137bad2,Cecilia Olson,12/29/1925 21:25:59,Male
9685c163-036e-47e3-90ab-b39e8595c564,Celia Kris,11/13/1863 00:19:37,Female
64dfee27-7d74-4f69-a850-6ce0967f3c94,Celia Walsh,05/14/1928 22:02:24,Female
09c9eb89-f69f-4cd3-921a-e24dca7b22f0,Cesar Zieme,03/12/1960 07:45:01,Male
e354b2d3-91a4-4c2b-bd97-73b2f96a791a,Chad Kuhlman,07/03/1924 07:54:36,Male
c6b075d2-d2f9-4580-8475-39e18303410e,Charlene Orn,12/08/1881 13:08:10,Female
bdfbae41-8104-48b3-9265-d74e4c6d101b,Charlotte Emard,03/28/1909 04:48:35,Female
81838797-047f-475d-8c43-1cd01a1fd6cd,Charlotte Kautzer,05/08/1871 12:14:28,Male
d404093f-3286-4bf0-ab2b-1001a165c7e9,Cheryl Flatley,07/10/1996 19:30:43,Male
bdfec349-64ba-491f-97b8-1ad4c37419e6,Chester Anderson,09/01/1870 04:18:41,Female
5d17562d-78a2-4674-bdb4-5701ed59dfc5,Chester Bradtke,07/17/1921 19:24:51,Male
2b2269f7-a716-4cbc-a06f-ee40b1da2514,Chester Osinski,01/03/1957 06:02:21,Female
e0355faf-dcd3-44e5-a0a8-1c733b581874,Chester Wilkinson,03/25/1975 04:39:30,Male
b63f1e6f-e4ed-44d2-b4e3-310bf5ca161e,Christian O'Conner,06/17/1903 04:00:53,Male
c06c2ff5-4e05-427f-9a7f-31fc12769697,Christian Welch,02/20/1947 23:31:08,Male
42371409-4d96-4fc3-bb49-a6eba74bb91a,Christie Gleichner,12/20/1950 16:07:10,Male
0c366d3f-be49-42cc-80d1-1c05d36ce443,Christie Shields,11/03/1900 04:54:10,Male
7936322e-77ea-4eec-98dc-b35325bf781a,Christie Yundt,01/11/1983 03:07:14,Male
afcaf59b-bf5e-4eef-9e0a-2647aa080720,Christine Blanda,03/26/1879 18:40:18,Male
05e64e45-e580-4608-8397-dd9ca2072fd0,Christine Blick,02/09/1913 00:16:17,Male
611d9e1b-831d-4896-8072-e28604d8b485,Christine Littel,02/13/1975 19:37:37,Male
5fba191a-d386-4dfa-8116-55a3c38d81cd,Christine Will,06/24/1921 00:29:13,Male
31ab92ed-3151-4800-8eda-3272871ce982,Christy Labadie,04/01/1943 07:36:17,Male
8326f36b-790b-4668-bc0b-89ac171154ad,Christy Nienow,12/29/1993 06:40:36,Male
06c0ca8b-94cf-4860-a69b-563d90472be6,Claire Krajcik,01/20/1897 00:39:02,Female
da875673-21e8-4ec7-8bcd-59961cc2a5b6,Clarence Oberbrunner,09/19/1993 03:58:58,Female
ad639063-6720-47ae-afcc-40563b3f8c43,Clark Daniel,07/31/1982 04:21:38,Male
42649679-4022-4804-bb7f-8823afee265a,Clark Sauer,09/15/1961 19:22:09,Female
de008d81-79a7-4025-b2f2-48519e4cc42c,Claude Kuhic,05/30/1960 13:03:40,Female
be483dcd-f85d-4fdc-9389-499c954ec11b,Claude Walsh,04/06/2008 02:59:02,Female
ed674f58-b02e-402d-a416-913590ec602b,Clay Mayer,11/08/1936 19:12:27,Female
53785594-e84b-4904-b850-65ae44454d95,Clayton Batz,07/31/1907 00:48:23,Female
d6277452-f13c-41c9-af76-f23c16fb1f1a,Clayton Daugherty,01/21/1939 17:28:19,Female
974bbc17-637a-4b40-9729-829b979a84cb,Clayton Hamill,08/15/2000 18:43:24,Male
f984ac3f-2941-4158-8f33-680dde62048a,Clayton Kautzer,01/17/1886 11:15:48,Male
9fc3faa8-4ea5-4818-ac8e-1d056b51d6e7,Clayton Langworth,10/03/1875 19:44:35,Male
12babec2-f5b8-4ba5-a66a-2392515bc17e,Clifford Bernier,11/29/1870 14:20:14,Female
5c922273-b839-4be6-b7fe-378e3a7937ae,Clifton Adams,07/05/1863 21:52:05,Male
16d34c69-6f41-4183-8573-7a7ab0936514,Clifton Walsh,04/02/1991 10:52:13,Male
69b2b01c-f659-496e-855a-1c69bac18e79,Clinton Champlin,08/19/1981 16:38:34,Female
58ec50fe-5511-4e0b-b9fb-99d6bd35d3ea,Clinton Hermann,11/02/1970 08:47:47,Female
647bcc36-6acf-4725-b6e8-8bc19e3796fb,Colin Wunsch,12/17/1914 18:15:33,Male
21573b69-e4e4-480a-b924-8681048533ff,Connie Crona,05/05/1892 23:34:33,Male
f0ecf2ba-fb64-4604-ad5a-1df5cf5ceed9,Connie Nader,05/20/1932 14:07:16,Female
1286549d-0710-4de6-9261-53ade7a61046,Cora Goodwin,05/20/2006 15:22:44,Male
6a0a3f31-8d60-4d28-9f99-5692eb5d3a27,Corey Murray,09/23/1941 00:30:55,Male
3dbbe976-ddef-4dcb-bee1-12170b2bc3ec,Corey Pfeffer,12/07/1964 16:54:06,Male
086488f1-2085-4498-98c6-49e9002a428a,Cornelius Jenkins,11/06/1977 15:02:31,Male
792a485e-d10c-4093-b544-6e5c402906a3,Cory Homenick,01/16/1995 06:30:24,Female
a41f0fc5-8a5b-4331-9e3a-a7b9565d3cea,Courtney Dibbert,06/14/1976 21:43:57,Male
60f403e0-94d9-4c96-bb08-ab7a7eb6a1d6,Courtney Johnston,12/25/1957 20:21:37,Male
af6892bc-f5c1-407a-a50c-2d01a5da6731,Craig Gleichner,01/03/1876 00:29:16,Female
0c13e9c0-027f-4447-8c8a-b2fe3a2fd768,Cristina Jones,04/13/1895 04:54:19,Male
03bc8af0-5f4c-4dff-8dc9-4ede3f0c4044,Cristina Rempel,06/20/1907 19:44:35,Female
23d2a19c-d6c9-421d-a437-00d349474392,Cynthia Rosenbaum,11/07/1940 12:37:51,Female
69819bc1-ff51-4d6e-8450-96ffdb8e3566,Dale Jenkins,01/01/1969 05:57:23,Female
dc268bfe-2eca-4864-b0e4-3e1526a72511,Dallas Rogahn,01/20/1931 00:07:02,Male
142c0794-2bd8-4adc-a8a9-0879bff6455f,Dallas Schuster,06/14/1899 00:35:42,Female
8f3e08b4-65de-44be-ade3-b52b41bce170,Dan Bosco,04/19/1950 21:43:47,Female
3b48e95e-f14e-4c96-9c2e-87b8f21a471b,Dana Bosco,05/13/1870 21:54:20,Male
7b19537a-2504-4160-82d3-c7b542e8fdce,Dana Braun,07/03/1910 00:15:34,Female
65ac7e0a-201f-4ded-87f3-69d56f779d13,Dana Conn,03/12/1881 09:22:50,Female
de7a2ae9-b40b-48de-ad16-6d5c53e6afdf,Daniel Harber,07/05/1862 11:46:01,Male
8f4f9310-fa8a-4887-83b7-67290e2fd8bd,Darin Gulgowski,11/14/1898 05:47:04,Female
1489160c-7368-45d9-9d1f-ae4e4298a56a,Darrel Crist,04/03/1868 15:07:47,Male
36526467-f554-409d-8b8b-a0cc4c2851f4,Darrell Hilll,10/13/1924 23:40:41,Female
c1847e7e-8fcb-4977-a463-efc65b5c018d,Darren Bergstrom,02/20/1977 09:11:33,Male
5375df31-4862-4ac5-965f-c1dbdc1f6673,Darrin Kihn,04/04/1875 07:42:12,Male
21b90754-c57b-4872-b5cf-807b3119b90e,Darryl Bechtelar,09/08/1942 21:06:03,Female
d2a168da-2083-4659-9bf8-c6c12aa938e2,Darryl Murazik,01/05/1914 01:19:10,Male
af7884d0-dcea-42db-9da1-c3c66a40a0fb,Darryl Oberbrunner,05/08/1973 23:01:19,Male
f014633d-c0cc-4d3d-a557-4dc8b7e741a5,Daryl Funk,03/15/1966 07:59:00,Female
c8058e11-50c2-4527-8d44-45a406c9569c,Dave Herman,02/20/1946 18:39:28,Female
b83516b5-9e7c-4df8-bf6c-0191bca2eabf,David Thompson,04/10/2000 03:51:20,Female
645e67ae-13fc-4b22-ad4f-0f311d7766ac,Dawn Crist,11/10/1887 13:07:12,Female
c7628253-1532-4d33-8f03-6f8d69ec511c,Dean Schmeler,06/20/1964 22:21:58,Female
7e341716-c05d-4192-ab55-a0459fa2ad23,Debbie Feest,11/14/1943 13:56:10,Male
1a1dc8ef-a5bc-4982-985d-b1732392b4fd,Debbie Klocko,04/05/1989 12:40:26,Female
e9490d68-9056-429c-83f5-87f49df0ec04,Debra Purdy,04/02/1955 22:52:23,Male
941b040c-9fd5-4f69-9ad4-2476084fadea,Delores Lesch,04/08/1932 03:18:39,Male
bf9bb36e-eaa0-4d1c-9417-8c23b91c3c69,Delores Towne,12/23/1902 15:51:39,Male
baeb8ce0-8b3a-411a-8201-478ba2defb29,Derrick Sauer,10/04/1881 16:50:55,Female
e1b5fbf3-e921-4176-8268-fbee5d1a963f,Desiree Hessel,06/17/1924 16:27:23,Female
784be305-7ac0-47c1-a618-00571ee7a426,Desiree Jaskolski,07/17/1930 19:06:37,Female
80c267a6-0816-471d-b871-a7d36143bddd,Desiree Sporer,12/26/1893 02:47:06,Male
a6a90a7d-fc91-478c-94b4-b34ea193a213,Desiree Steuber,02/06/1943 00:57:13,Male
956d9069-a06d-4e39-b3f7-177cb6621b56,Devin Price,08/21/1878 22:18:34,Male
058aa4fc-139d-4926-bddb-c8ca527d3411,Devin Simonis,09/05/1874 12:25:06,Male
826a67c8-97a5-4257-8a91-04149d409e52,Devin Toy,02/21/1898 15:31:56,Male
4c0c9c5e-7bca-4585-ae40-5df326a267dd,Devin Zemlak,12/11/1934 08:18:03,Male
387aedae-7550-4a28-adcd-3ab9ecf6586b,Diana Runte,01/06/1940 03:07:04,Female
269e04f1-17d4-4d02-a891-8139390f6e5d,Diane Kovacek,02/25/1969 12:31:58,Male
14a648de-cca9-49d9-8b5e-17619b82684d,Diane Shields,11/25/1898 16:56:19,Male
7f56e109-27fd-4625-b124-4e785c523a1d,Dixie Dach,06/06/1930 01:09:25,Male
d6619dd0-3302-49c6-84e4-c41c2e75a019,Dixie Mayer,07/03/1934 10:49:00,Male
06aa182a-6764-4a4f-8af3-99cf9f04029e,Dolores Fay,04/22/1987 13:13:13,Male
f9a4aa1d-6ce2-4fe9-8275-509b229b2a6e,Domingo Fisher,02/23/1984 02:24:38,Female
57b98b1c-634b-45f3-a547-b89bb9be67a6,Dominic Runolfsson,01/20/1934 10:17:03,Male
bbfa9d1e-4c2b-40ab-be15-a62dfb65a255,Dominick Gottlieb,11/03/1965 04:00:28,Female
38cdbb5a-17f8-4ad9-ad72-cad71a36a4cc,Don Bartoletti,07/27/1895 00:28:48,Male
88612e3d-a290-47a7-aa75-5d81cf993f15,Donald Mitchell,11/24/1907 10:15:20,Female
7eb32fb3-386f-4da2-8cd3-70604433ec13,Donald West,10/19/1926 00:49:42,Female
2399e89f-69fc-41ec-adfa-ffec936bb25a,Donna Prohaska,09/04/1964 14:13:45,Female
3441d635-a73c-4df1-9348-1fa43b9b47af,Donnie Collins,02/06/1954 16:21:45,Male
58657389-1092-499f-980b-9de4168c3561,Doris Kozey,01/01/1878 01:41:11,Female
f2aa745a-dd50-45a0-be41-3ad268e49bd4,Dorothy Aufderhar,05/12/1990 22:03:12,Female
59897f53-c4b6-4b94-ad06-65940aef52dc,Dorothy Feeney,06/17/1979 22:59:13,Female
4bbfb47e-e869-4790-9d1e-f3e471d633e6,Dorothy Simonis,12/31/2005 11:55:10,Female
5b5a3a93-6df3-486d-bc40-44a27f30ed70,Doug Leuschke,02/21/1950 10:10:48,Male
1d7f9126-5380-4e83-830b-126dde74aa2d,Doug Nader,01/19/1891 21:09:27,Female
4e63dafd-e2df-4e7e-b06c-6f6854023bc4,Duane Bahringer,09/08/1871 15:07:48,Male
9e8cbc3c-2963-4671-be75-0c594f701fce,Dustin Bernhard,04/21/1977 13:00:44,Female
b41954f9-f79d-4154-a105-d817337e3208,Dustin Kozey,07/23/2008 05:48:04,Female
2b281052-08d2-47c4-884b-5084e89769ea,Dwight Veum,05/10/1967 08:16:29,Female
7f3a1f17-a3b2-450a-a567-5672522daaf3,Earl Waters,04/04/1868 23:45:46,Male
12a48981-8abe-4c75-b29d-f273bca64706,Ed Paucek,02/08/1944 03:10:25,Female
34db8102-1fd6-4894-a980-061ecb757e1e,Eddie Nolan,04/21/1866 02:51:18,Male
ed4fbcae-6af1-4d57-a84c-7bbd5a99ad36,Eddie Swaniawski,05/18/2000 02:43:27,Male
acfe3b96-137c-422c-950f-4c24bdadf993,Edgar Nolan,04/18/1902 06:58:16,Male
8f715e76-1dcb-4875-9b1e-ef1bf57607bb,Edith Sporer,10/18/1930 08:35:27,Male
8af754c0-7b27-459f-b7fd-989df97f471b,Edmond Walter,03/19/1903 01:00:12,Male
817e76e2-7d30-4322-9ae5-2d1db779ccc6,Edmond Willms,10/31/1885 02:06:37,Male
066cfc2c-78d5-4b92-b1d5-e43513240b83,Edmund Green,03/01/1901 05:11:14,Male
13040cc1-a33a-4fd0-9f46-1f7ed203cfa8,Edmund Kulas,02/05/1950 16:34:12,Male
69e12730-86e8-4a20-ba98-f402bbfbb8e2,Eduardo Casper,04/21/1981 14:08:43,Female
478eae58-07a0-4f2d-9632-5e973935d670,Eduardo Kling,08/05/1944 12:26:59,Female
d15731bf-f276-45ef-bc46-6f507bf72c75,Eduardo Kris,12/09/1914 15:39:02,Female
7a28d9da-311d-4055-874c-bb4503cd3b2a,Edward Pouros,01/31/1940 15:15:43,Female
8314ab16-f686-47ec-96fb-7076643e09ca,Eileen Cormier,10/22/1862 22:53:46,Male
e5a5c610-91b5-4b49-8f10-569d9ffb9753,Elaine Graham,01/09/1945 18:56:53,Female
abcfe746-c823-4b4f-b04f-2f307757e10f,Elbert Klein,04/16/1904 11:23:06,Male
8174498f-7c0d-4d41-9939-becd759ce03d,Eleanor Jacobi,12/19/1922 04:55:40,Female
992d54f0-f104-4fe4-8203-b26d17cebefa,Elena Funk,12/04/2003 17:16:43,Female
3874575a-9a19-4d85-bfaf-eab2fd9e2a96,Elena Hegmann,01/10/1880 19:41:03,Male
937ea34a-1e07-4b9f-b4e9-8f0cbf808076,Elena Hoppe,08/14/1879 23:42:47,Male
6157177f-279f-4ee9-9124-d2f8ded811f0,Elijah Lind,05/26/1876 08:21:38,Female
9e5dcc1b-d81c-460a-90c4-0fffdf23befa,Elisa Osinski,03/03/1949 07:54:59,Male
ac8110cf-562c-4abc-afd0-84baaa7b7abf,Elizabeth Schamberger,03/16/1971 10:35:12,Female
e87b6f4b-586f-45ec-b1a6-6727ace56cd2,Ella Jacobi,03/09/1863 15:41:16,Female
eb4dd7b8-c5b6-498c-b3be-162fea6054e4,Ella O'Kon,12/19/1984 19:04:56,Male
5c132bf9-c9af-4406-8468-05ad3b38b15f,Ellen Hodkiewicz,04/17/1926 01:47:41,Male
68b103a8-fc49-4bec-b8ec-b42d0133af24,Ellen O'Conner,11/22/1956 05:35:46,Female
b3ecc5e4-1a1b-4583-90ce-43f619cef8c8,Eloise Hilpert,05/26/1868 21:17:11,Female
3a2cbba6-e2fd-4004-b6cb-beb275cf4827,Eloise Monahan,12/29/1870 20:50:41,Male
7e3ab035-0d69-4aa8-ac3c-dafd73f78e6e,Elsa Schowalter,08/04/1977 01:21:48,Male
9fdf58c7-2e92-4258-80c6-a3b9ce0fae34,Elsie Ward,08/28/1950 01:54:07,Female
af1c3703-ca05-412a-870b-fe84f5b51747,Elvira Ledner,05/11/1930 22:18:59,Male
68ebd39c-8835-4182-afe2-c602ee4761c6,Emmett Kovacek,09/20/1982 18:45:50,Male
be4375c6-effb-4583-8a96-438bb864fc18,Enrique Steuber,03/06/1981 16:22:47,Male
3acbcb98-a803-4add-8684-6172838765d5,Eric Weber,12/26/1895 16:36:44,Female
ef90c22f-fa80-43c0-959b-3163c87a1996,Erica Satterfield,09/09/1915 03:02:11,Male
a8f8c293-42cc-48b5-a132-777736acef96,Erick Bayer,03/26/1982 15:13:20,Male
57608501-8b3f-4af8-8b38-d77c1bf7752f,Erick Mante,10/05/1903 00:51:41,Female
7972465d-dc95-4384-a7ff-4d6b635b23aa,Erik Dooley,12/02/1912 23:04:23,Male
5e927717-9bd0-45ac-aed5-54a62138bb8a,Erika Ondricka,11/04/1957 11:24:13,Female
cb89b90d-8fe0-48d1-973e-d918e996e09c,Erika Shanahan,04/05/1996 23:44:54,Female
79078e85-dad9-4e5b-86bc-c7b1b266091d,Erika Upton,11/19/1998 03:34:31,Female
ff36eac8-e34a-4ed6-b5ea-0dbc02f62129,Erin Batz,07/13/1921 12:32:07,Female
cc144013-8611-409c-9297-13e08a0954d7,Ernest Dickinson,02/20/1901 23:47:23,Female
7203b32b-5afa-44c7-b247-cae2b8e4bd21,Ernesto Bergstrom,09/30/1982 18:41:09,Male
d4224ebb-0d3f-497a-a1e6-03c1084aef8b,Ernesto Maggio,04/22/1895 08:14:05,Male
518af8bc-eba2-4e08-8b45-002a85a0bc56,Ervin Hartmann,05/06/1908 04:45:33,Male
34f82928-8b57-4265-b274-8a3cf0a1b52f,Estelle Lueilwitz,11/25/1985 14:53:51,Male
78939093-24d2-4d99-b93a-816a2c622a81,Estelle Predovic,08/26/1980 11:05:54,Female
e9aa67b8-862f-458a-a752-9b8ee80a9e27,Esther Grimes,09/25/1985 07:46:51,Female
81cfa4e8-a4a9-4a7a-b414-4311a686b6e4,Esther Thompson,08/29/1959 11:56:39,Male
90dbca24-92f2-44c9-b6f0-99f6fb87c9a1,Esther Yundt,04/23/2012 09:55:53,Female
11ce659c-9851-4531-8890-06758c3c6e6b,Ethel Koss,01/21/2010 11:25:04,Female
64e35a6c-d35c-413b-9998-7abdd783ac40,Eula Murray,10/25/1940 08:45:27,Female
33aba690-bb8e-4759-8430-a3835291ba7e,Eunice Bartoletti,01/18/1920 00:28:27,Male
1ddde79f-19ae-481e-8f91-a0aa50dcfdfc,Eunice Heathcote,12/27/1920 17:17:05,Male
e6347e2f-91de-49b5-9a60-2a2a0ba4edc7,Everett Goyette,08/28/1867 06:20:48,Male
8c6b08c1-8b6d-49e9-8f2b-39a0dd744c51,Everett Sanford,12/22/1937 19:08:02,Male
42da0cf0-473f-40d7-a539-de2de100a7bd,Fannie Emmerich,06/04/1960 16:25:49,Female
3c10b657-dd13-4316-848c-2af511c431a4,Fannie Tromp,01/24/2010 16:56:23,Female
6c956f0e-88b8-45da-9c67-232c7bd14a8d,Felix Brown,02/13/1971 17:34:51,Male
a06305bc-35cf-4104-ab8d-d5e3e16638ec,Felix Carroll,02/21/1863 08:56:10,Male
c0d38c54-0e4f-4edd-80e9-f61f3624488c,Flora Howell,10/15/1897 20:33:55,Female
fa708303-b1e3-4f8d-89a6-e3aabbac0382,Flora Vandervort,04/27/1960 13:56:15,Male
f5a284b2-92d8-451a-a080-046035009e52,Florence Runolfsdottir,05/09/1922 02:18:39,Female
4285ddb5-e327-4837-85f7-b92fe4ea7371,Floyd Gibson,02/15/1906 20:56:47,Male
3ec29622-6466-480b-a924-c1738bdd3f8b,Forrest Watsica,12/14/1952 19:29:49,Male
3c7fd9be-0cf2-4e44-abc0-9fbd5f82fecb,Francis Boehm,04/07/1897 19:32:48,Male
c854ce7c-fc45-40fb-86dc-b6353f9d4d43,Francisco Koss,06/30/1884 13:49:23,Male
3db2a0f4-7c21-4833-a133-1261dec2dc89,Frank Hudson,09/10/1983 15:22:41,Male
a495664f-64d4-45f2-9617-2e943e4f5043,Frank Muller,02/27/1992 00:50:41,Female
a8ddea0e-66b2-45c7-b8b4-46f4079c9080,Frankie Borer,03/28/1976 14:02:35,Female
23953650-0b61-454f-aa88-dce96d5a2a3a,Frankie Ullrich,12/10/1978 21:47:38,Female
4f59a1d9-20a5-4c2c-a6c0-8136b624748c,Franklin O'Kon,12/16/1912 23:43:38,Female
ea9ec0f5-f43a-4a00-83f2-74bbe335bb92,Fred Lebsack,01/17/1917 08:03:41,Male
946e2c0d-0c4f-4bd7-8e39-4c15cc98e69d,Freda Bogan,04/28/1926 19:24:42,Male
00eb018e-cf1e-4ffd-ac08-cfa88f543456,Freda Jones,12/10/1959 11:40:53,Female
e352117c-c5b5-4abe-a246-ab3db943e5c9,Frederick Kovacek,07/06/1977 12:23:19,Female
95d97a03-a727-48f2-bd1e-19532e90950d,Frederick Moen,02/12/1992 21:57:57,Male
cb4ca34c-c886-4d0b-884b-2e990a6633b9,Frederick Wilkinson,05/25/1921 17:15:56,Female
59696214-4b72-481d-9f3a-59a4f64f0442,Fredrick Heathcote,02/20/1993 08:18:54,Female
79892f38-d5a3-47f5-8624-4cd0c43ce7ec,Fredrick Moen,08/13/1883 08:12:10,Male
41f94348-ba69-4e24-805a-2f2f6ad42546,Fredrick Stiedemann,08/17/1894 16:58:23,Female
16d419bc-64ab-4578-9d47-abbb856d7c3a,Fredrick Stroman,11/17/1909 21:48:54,Female
cf077cf4-2676-4598-bb7b-e582a3ef2be7,Gabriel Jerde,10/25/2009 20:15:40,Female
dca6762e-9087-4164-b368-ff4926ae144a,Gail Kiehn,08/24/1913 01:22:30,Male
a436002c-f43b-46e5-8a41-63fe5a08af7b,Garry Wisoky,11/11/1873 01:03:30,Male
0b1451dc-2f37-4c30-8b93-776419fcc53a,Gary O'Kon,12/19/1942 19:54:33,Female
74e279b3-716d-4101-b2c5-18cd37ee9b62,Gary Parker,04/22/1886 02:51:46,Female
66f595e4-560f-47b5-a844-2148d58155fd,Gary Steuber,07/03/1922 22:47:19,Female
2ad9fb64-4d61-4e99-b773-c15bf2e8c667,Gayle Anderson,07/25/1920 18:57:38,Male
ec9c8711-1235-46ca-b1c7-d0fbd30dafed,Gene Crooks,10/12/1895 13:39:48,Female
06fcd90f-6444-4282-920e-99db2f06e4b6,Gene Schmeler,04/27/1962 12:28:36,Female
67ab253e-d408-495c-bfff-4bbe598b8cff,Geneva Rippin,08/19/1866 09:54:20,Female
9afec399-fbe8-4ed4-aa04-541b3cb74d3d,Georgia Gutmann,11/27/1918 22:24:58,Female
5eb7cf82-ea00-45ad-9380-022dbe963821,Georgia Kub,09/04/1901 03:29:49,Male
e1da2968-a78e-40a0-8a7b-bfca80c3a16f,Gerald Mayert,11/29/1986 10:29:52,Female
31712f11-944f-4333-982c-7b959af19e4e,Gerald Simonis,06/21/1958 20:13:30,Male
ce14051d-66a6-4c93-8832-b7ada3d951b8,Gerard Weimann,01/21/1901 19:58:32,Male
a90c6a89-33b0-4259-b72f-4ee33b1e4837,Gerardo Hauck,11/24/1964 01:34:37,Male
d36f8360-1c5c-4686-9a34-9e2e7a073e71,Gerardo Osinski,10/22/2007 16:09:27,Female
5e3e1433-f7a4-4649-9a21-dddab00827db,Gerardo Wilderman,06/24/1986 14:48:04,Male
f230573f-78ec-45ba-8908-fa671a943b96,Gertrude Monahan,06/13/1970 18:53:31,Female
58c5321c-5a97-43e5-818c-f55ec9aa22b3,Gilbert Baumbach,07/03/1867 21:01:21,Male
7252acd6-4303-495a-8dec-575a36401e8a,Gilberto Ullrich,10/19/1874 18:34:20,Female
984f4b13-0bfd-46c0-9eea-9d6b5881c1d3,Gina Pollich,12/01/1975 19:45:22,Female
6c91adcd-88cf-44f3-969d-57acb029492e,Ginger Walsh,08/04/2005 12:37:32,Male
e3416745-df14-4cad-b8f0-f205ae2133b5,Gladys Considine,04/04/1999 08:31:31,Male
07b329f9-e448-43a6-bddc-8579916e8bf5,Glen Dooley,06/09/2001 13:06:30,Male
851cbcea-1742-42ff-b089-3160eb4dfd65,Gordon Gleason,05/07/1897 00:15:04,Male
ec742c1e-6b99-4153-80ed-b842dda9f1cf,Gordon Jaskolski,05/30/1884 09:53:26,Female
894bcb45-8b8b-41ef-b2de-a8d5f5b923ab,Gordon Langworth,02/03/1967 12:35:52,Female
52ecb42c-9129-4d4e-a26d-4a2b1312ccb3,Grant Collins,12/09/1955 18:05:42,Male
5f056e29-bf18-4352-9317-bd7f74771cea,Grant Kilback,10/31/1986 17:13:38,Male
f8406e7f-cb18-4d3d-97aa-2ed343b1f671,Greg Doyle,12/08/1925 09:20:58,Female
afc9e30c-e736-4f97-ab96-3598704c8992,Greg Treutel,09/28/2008 08:22:07,Male
3c9acb5f-3518-4511-82b3-2e86cfc237d6,Guadalupe Littel,04/11/1938 19:33:37,Male
47f4ce0d-7fbb-457f-9836-101e4e190917,Guadalupe Murphy,04/15/1870 17:27:39,Male
ae3c635d-9aa8-4fb4-b880-b2723ba80ed2,Guadalupe Okuneva,05/06/1917 15:36:59,Female
b4404fe8-155a-4929-9d1d-c32e66ff07a6,Guillermo Bradtke,12/04/1899 02:16:30,Male
330f5652-9c81-4ffa-8467-0af087b57fe7,Gustavo Lakin,11/16/1865 06:28:46,Male
b3db4ac5-fa97-40f3-8742-20c61cafe5db,Gustavo Schiller,04/30/1936 16:57:52,Male
f24aefd6-fb88-405d-97f5-e1beab9e323a,Guy Rippin,09/19/1921 06:15:23,Female
4fecd1c9-2754-4b1f-923f-7a939b22ae5c,Guy Spinka,10/08/2009 01:39:18,Female
12e51621-b4cb-48c7-bdbd-6b077c4d7f24,Gwendolyn Waters,11/07/1989 07:59:52,Female
8cb8dd96-e32e-440b-8ad9-744da3d1c786,Hannah Medhurst,12/22/1936 10:56:52,Female
87010464-854d-4a0a-b3a4-e6ecd20c71c1,Harvey Kulas,05/05/1942 15:04:12,Female
acd2ba34-650c-4d51-b7ac-7e6150ce9851,Hazel Hirthe,05/21/2011 22:32:35,Female
a2b8cc28-367f-426b-8331-9e033f8ed06d,Heather Carter,01/05/1902 22:32:04,Female
15256c5a-b6ac-4c42-a439-50e3e5e777fd,Hector Schimmel,03/04/1935 00:36:42,Female
d15af293-e0ce-4645-b66a-cf4197e1fd8f,Helen DuBuque,07/09/1952 04:46:21,Female
33b803be-83fe-4a7d-a02c-4420d8b552ca,Helen Frami,03/05/2005 11:43:01,Male
144a0390-ad98-4e06-a2eb-febaa80c4b3b,Henrietta Greenfelder,03/11/2007 14:22:52,Male
a7a9ed1b-18e7-4bfc-b7bb-c12d7383bf88,Henrietta Jones,11/20/1891 02:26:11,Female
b8bbccc9-0d9e-4b72-afda-d42d0c1b8031,Henrietta Rogahn,03/28/1999 22:47:48,Male
8fc3c8da-01d0-440e-a577-933f064500ac,Henry Kovacek,06/20/1997 19:29:43,Male
5b027657-8ddc-4f4b-95c6-f231ec6d14f6,Herbert Turner,11/19/1882 10:00:52,Male
b37d1603-ba72-4bab-a352-5a19db17aa72,Herman Abshire,02/05/1976 22:09:21,Male
bc63cb4a-92c3-4dc4-85ee-9450949d1fed,Herman Bayer,09/16/1997 16:26:26,Male
8e8a979d-4c71-4168-a550-36f213881515,Hilda Lueilwitz,08/31/1942 00:26:18,Female
5f4647c9-1799-46c3-a1b3-4454151f72da,Hilda Strosin,08/04/1900 22:24:46,Male
30dd6750-61fb-4b2d-b608-2065a0ee4d10,Holly Halvorson,03/10/1881 13:52:39,Male
3b4a8c42-adcb-42b3-a500-3ed07415b690,Holly Schulist,11/28/1945 19:22:26,Male
79d4e353-08a8-4622-b883-1c37fb23b01b,Hope Douglas,10/04/1961 14:40:07,Female
d65a3f8f-5563-45d4-b4bd-8a938547595f,Horace Lemke,01/17/1877 11:31:46,Male
e1152c54-8b63-4288-ac3e-7c20a9334f6f,Howard Kuhic,08/24/1870 13:27:47,Male
ee86b39d-7f13-4370-bd34-b5e40152acb8,Hugh Carroll,09/20/1924 03:49:50,Male
6572042b-733e-4c0b-b17e-cc3dc628de1d,Hugh Stracke,04/11/1984 18:20:40,Female
9d867764-ce86-47b6-a750-a39f393f35b0,Ian Herman,09/01/1891 16:27:43,Female
138e6e97-dedb-424b-9175-14800d2c47fc,Ian Lowe,07/05/1865 03:50:21,Male
cb1c1dfb-ed92-4877-ab05-3b6618af428e,Ida Schaden,12/20/1936 08:37:31,Male
ad7e94e3-74eb-4c9d-9f43-ef205134ece3,Ida Will,04/02/1950 13:07:36,Female
495ffb35-e76c-4346-bf16-26558fe2f1d9,Inez Schuppe,08/21/1985 00:31:27,Male
d876d6b5-a678-48fb-b768-b6ad80b2777e,Ira Halvorson,04/12/1933 23:33:57,Male
b4955e50-018d-41ca-a292-bc3a0bbf337e,Irene Jaskolski,12/01/1974 16:02:45,Female
16f51d05-40dd-4b5a-b772-a10de76a7ad6,Irene Russel,01/28/1998 19:13:08,Female
620b3196-a423-4e3b-ab52-6cda5c5f9b94,Irma Rosenbaum,01/07/1962 15:17:09,Female
8d4dc8e4-a707-46cc-a274-a9c7536e90b4,Irma Terry,09/05/1908 14:46:11,Male
945a0416-4c91-4dc3-8d21-125239009a8c,Irvin McClure,05/10/1971 20:40:15,Male
a2771549-735f-4d20-be50-82c0d620547e,Irving Rutherford,07/17/1887 23:08:08,Male
a9a9c4ea-cc95-4943-bf1a-ee49c79a18db,Isabel Greenholt,01/30/1998 09:13:11,Male
b3f5517e-20e5-4fc0-ab29-76c44ff44386,Isabel Hand,11/21/1943 17:34:19,Male
1725ded4-35c0-4946-84b2-4a943e0dbfec,Ismael Turcotte,11/18/2000 19:57:42,Female
15bcc40e-6db2-4562-8d14-17dee437c730,Israel Haley,06/06/1965 06:21:35,Female
f48ab55c-0e0e-4caa-b15c-22da66fdb478,Jackie Kshlerin,10/04/1896 10:51:39,Male
24c6909a-d24d-4559-8712-318fb1392987,Jackie Larson,10/17/1914 14:18:41,Male
e4f44cf6-ffc6-4340-b9f2-4031d1489203,Jackie Legros,09/10/1872 17:49:13,Female
9117814e-4333-4f07-9fdb-306f4cff8545,Jacob Schaefer,11/17/1877 22:39:00,Female
a93cfdff-17fc-4cee-80a4-cee02b335bc0,Jacqueline Farrell,06/20/1944 15:02:47,Female
2bdaa83d-e3c6-42e4-a3c6-568f76d0a289,Jacqueline Mueller,11/08/1946 00:06:16,Male
acc3f121-c121-41b6-a54d-be03532fd57d,Jaime Bogisich,03/20/2008 13:31:01,Female
5c414a41-1ffd-4a49-9e5b-cd917e8c1568,Jaime Breitenberg,02/16/1941 15:11:28,Female
507ac53d-5ac2-43f9-b44f-4de30703000b,Jaime Kirlin,10/13/1923 06:29:52,Male
aa55be2c-5a47-4330-9674-df22b1a87d80,Jake Kovacek,02/18/1967 20:09:09,Female
d7879936-10c0-41bc-9aff-4b7d92297d5c,Jamie Becker,12/15/1973 22:50:06,Male
89f243a4-6a67-4cd1-a270-e23c8d49401b,Jamie Maggio,11/23/1880 02:41:40,Male
4816b597-9622-41c3-b1a0-846316c7a908,Jamie Quitzon,01/02/1899 03:41:00,Male
d4863e9b-65c9-4520-928a-874654850f46,Jan Torphy,10/26/1990 04:14:35,Female
98ff9fb6-4165-4584-b5a0-026971232566,Janie Kerluke,08/26/1873 19:15:20,Male
0fbf2e6c-7dbe-4fff-9531-9081bffe8ca1,Janie Schumm,10/25/1863 22:11:26,Female
5262e40b-191c-4799-841e-c29d0e67ff4b,Janis Kunde,07/13/1903 06:38:24,Female
7bb537ec-c357-4ac0-9178-0b5ae20d77b4,Janis Schroeder,12/15/1873 01:53:50,Male
048e6049-789e-44ec-87d4-4022c8b53783,Jared Franecki,06/19/1863 18:39:34,Male
d765080b-31f3-4904-96b1-41be170da8ce,Jared Lemke,11/05/1950 02:16:40,Female
29438393-ba88-496d-828a-26aa3121b472,Jared Reichel,04/29/1941 01:46:15,Male
fd42a45f-0397-471a-babb-60cb10438348,Jasmine Labadie,11/26/1990 20:56:38,Female
acc07e23-929f-4d22-b94c-b1049e000c4d,Javier Hickle,06/13/1866 06:35:46,Male
cba2a3c2-9bcb-49a1-9231-c9f6be72de8e,Javier Stokes,09/14/1972 13:39:05,Female
9bcf223c-26ff-44c0-9ee6-727031319fec,Jean D'Amore,10/17/1982 23:21:45,Male
6acccea2-ce68-4f55-a7ca-05252020f221,Jean Larkin,03/30/1885 00:13:24,Male
320af9ae-b90d-4a8c-8070-1b91dc11b920,Jean Smith,06/19/1907 19:08:48,Female
67cf43c7-db68-41a8-a3ae-3b795656e038,Jeanette Kuvalis,03/09/1869 09:58:08,Male
78742fda-3a7a-43c7-a99a-2b98d53ddf04,Jeanette Prohaska,09/09/1919 08:25:40,Male
b4ecf3b9-136d-4a6e-b839-af518a8b7749,Jeanne Kassulke,07/08/2007 06:56:09,Female
b94562a9-9fe8-41da-94e9-8c5481f5b87a,Jeannette McDermott,08/18/1862 17:40:00,Male
807dc4e2-0075-4694-894a-d03bec20b907,Jeannette Turcotte,03/14/2008 22:19:57,Female
63af7e09-2a0b-44d9-9c7e-ddef70871a53,Jeff Monahan,07/19/1893 00:35:01,Female
ad0fdec9-198f-4b79-84e4-cb2a30fa1655,Jeffery Bechtelar,12/21/1897 17:03:16,Female
0e49ba2a-5990-45a0-9cc9-b841a5a4d03c,Jeffrey Schowalter,03/15/1957 15:19:53,Male
24bfc214-4f1a-40f4-90e2-914008164a33,Jenna Lesch,12/31/1886 06:30:22,Male
205d83e0-0685-4abb-9a93-18c9177cd1b6,Jenna Sauer,10/10/1969 22:06:39,Female
97a6483c-f27c-4e17-9b1a-80df8c2c5b11,Jenny Kulas,05/03/1923 00:28:11,Male
6c248941-cdbf-44c6-aaee-4418c016cbe2,Jerald Beier,03/25/1980 06:32:37,Male
0db49094-15b2-44e4-a889-0082e392c7d1,Jeremy Crona,12/01/1870 20:51:33,Male
95e39219-c1b1-420e-bb90-fa637a62ace7,Jerome Hahn,01/08/1880 20:08:37,Male
f84bf4dc-101a-48ab-bdf2-6cbcf9ee83ed,Jerome Murray,07/22/1898 08:26:29,Female
f6b0d1d7-d27a-48cc-a5f3-6414ace177de,Jerry Powlowski,03/29/1898 00:29:19,Male
96771bc1-b86e-44f6-ab16-a0aefdde0c01,Jesse Kiehn,02/07/1943 12:56:38,Male
aff7018b-fb9e-46c5-b446-6bcced84797c,Jessie Crona,02/18/1988 11:04:55,Female
e36c9eb1-708a-437c-b5b3-0c68ca915e52,Jessie Effertz,12/16/1965 08:19:21,Female
6ebf8856-29ee-4101-a617-9254049f0538,Jessie Kuhlman,04/14/1970 15:11:58,Male
261bd0ea-e393-4db4-9790-6bb4c609804f,Jesus Collins,05/22/1989 05:51:07,Male
1f5d1de1-ba57-4954-b452-a11200f3b548,Jesus Jaskolski,09/22/1932 15:22:01,Male
4edbe73a-345f-491d-9817-89a1607ebf66,Jill Hackett,06/10/1922 22:37:54,Female
937f7776-1e33-46e6-b913-7892344df3ac,Joann Wolf,03/17/1885 10:41:24,Female
bd19f96e-575a-4b05-8815-c264e238fc60,Joanna Bartoletti,08/23/1960 01:35:47,Female
6628a520-6528-4543-9647-163f1a7ac3f0,Jody Rowe,06/05/1934 22:54:19,Female
5c7e8b83-a4e0-4cb4-934f-9b821053af74,Joe Bayer,10/31/1877 22:00:36,Female
66fccf69-f0ef-4add-8979-6d0eb590825b,Joe Parker,11/19/1957 01:17:00,Male
a57df2ad-fbbb-46ee-abcb-d54c4c81127f,Joel Ernser,09/19/1987 17:16:22,Male
b820001a-044c-478e-979b-2eef9c331843,Joel Lockman,11/29/1878 15:06:12,Female
fc668b12-33ea-49ed-a78a-6e2302bc933a,Joey Treutel,02/04/1878 00:15:41,Male
c8c772ca-3486-485b-83c8-fa218e78ad36,Johnathan Maggio,08/29/1878 19:38:45,Female
124790b0-1d90-4e6f-b1a5-29b86addbd95,Johnnie Beer,07/21/1869 12:57:41,Male
5683bac6-be75-4cc1-8c8b-1a3ec2319ad4,Jonathan Wisoky,01/27/1870 20:43:13,Male
fa762514-5f87-4f02-ae20-fec8bb6b1b23,Jose Mante,12/31/1917 00:55:24,Female
df353c71-018c-43fa-9754-e310482dd264,Jose Renner,08/29/1988 06:20:49,Female
5745076e-6ce1-4ebc-a335-49b78e176a47,Jose Terry,04/01/1917 21:48:12,Female
319eb9d5-a92c-4e54-ae3d-a5983f369bfc,Josefina Funk,11/18/1893 19:08:41,Male
d179660a-f0fd-46e3-b4d2-7d2fb74729d9,Josefina Heaney,11/09/1952 19:09:00,Male
c6a9baa9-b8f6-48fd-bffe-e2fc09487974,Josefina Wolf,08/02/1910 18:10:06,Male
285dd233-390d-40c8-8090-5996922efa3e,Joseph Mann,07/02/1987 11:33:02,Male
196c12a1-501f-48ea-9deb-15b4c9a00de5,Josephine Fahey,12/07/1900 13:31:29,Female
10de9feb-8f0e-4181-bd7d-71fdcc377078,Joshua Hegmann,03/01/1916 22:35:49,Male
cbab2851-2db9-4c63-9e16-9d1eaa4fbf82,Joy Fahey,11/28/1966 01:54:59,Female
216d6fea-a2f7-4f64-bcb4-c4369d877051,Joy Jenkins,08/03/1910 23:54:20,Male
19b80588-c725-4c6b-ab4a-926cc132f1f5,Joy Maggio,02/09/1865 00:55:55,Female
c98afce3-ff7a-41b0-ad7d-ff14797161c2,Joyce Crona,04/23/1879 00:50:21,Male
00e30ac3-8382-4c1c-aa86-9275d9e81db1,Joyce Harvey,05/30/1987 14:15:44,Female
a6599aea-7803-47a9-877a-1c7c8a796ab8,Juana Jacobi,07/19/1906 23:17:41,Male
8b634026-8164-43b3-9e78-90ae1bc95fdd,Juanita Cole,02/14/2006 08:10:32,Male
db0af4e4-e1c9-4995-992d-2e68cdfaa825,Judith Davis,08/09/1923 10:07:27,Female
e9994cdc-eee1-42b2-b98d-72d15329074b,Judith Vandervort,08/05/1996 10:49:10,Male
4537f7d1-7d98-43a6-85ba-07fd26238d28,Judy Goyette,11/29/1987 12:10:14,Male
14d12cbb-400c-4452-ab8f-397a3792ce0b,Julia Gulgowski,12/23/1963 08:36:57,Female
33cfcd2e-cfdf-4946-817b-761362da696a,Julio Aufderhar,08/03/1974 00:34:11,Male
214a2dc4-6e7b-4f55-95d8-675ed962b307,Julio Bernhard,01/23/1972 13:19:05,Female
a4b2b48c-e3ad-4214-ad22-5e35fc2e0623,Julius Cole,10/30/2007 12:15:55,Female
97ca2af7-9c09-4652-924c-b3a18d61775c,June Cummerata,03/20/1903 19:27:23,Female
e80994c4-c9c9-4e0f-8c63-896313ed78fb,Justin Graham,04/24/1966 07:38:43,Female
cb84d015-cf71-44e6-831c-1b498a5ff406,Justin Mann,04/10/1944 06:08:45,Female
26599271-2419-4c78-9074-dd679f467b8b,Karen Dooley,09/27/1894 11:28:19,Female
4ca63f47-58a8-4a0f-a16e-80f5d84459e1,Kari Murazik,10/10/2011 07:32:55,Female
34ed4756-3e06-41fb-80f8-e83d5d28ea8d,Karl Gorczany,08/17/1903 00:03:27,Female
02891aa2-f746-4bc4-b6d0-28aa072f07a8,Karl Keebler,02/17/1951 12:55:08,Male
9b26814e-e26b-46dd-ae90-3dd746c1568a,Karl Langosh,12/26/1993 15:39:25,Male
56355254-e792-4b4f-9fab-a7715fb221ff,Karl Schroeder,08/07/1928 08:51:40,Male
94d1a4c0-f963-4139-b130-0ca74c168923,Karla Boyle,05/18/1974 01:36:22,Male
4971b6cd-7053-482d-a4e7-5cb4c2232a1a,Karla Pagac,12/17/1983 23:09:55,Male
4104bc28-89b0-49b4-a63e-424b22a0ae25,Katherine Gusikowski,05/19/1892 21:49:17,Male
b3909129-7c2b-4fbe-9f18-1db9c4f7b091,Kathleen Schinner,06/15/1949 21:17:30,Male
8bdb512b-8d57-4901-adfd-620b600c4bdc,Kathryn Wilkinson,02/24/1894 05:24:33,Female
916debe7-4912-4a01-be5d-fbbeb0e43b47,Kathy Hansen,06/01/1969 01:38:21,Male
0e037a69-8c3a-4a4a-a223-75f7918650d4,Katie Koch,12/22/1953 03:50:06,Female
6f0aba3e-3a94-4ea2-9991-4069622784f5,Katie Lynch,07/24/1987 04:22:50,Male
01c68a53-f53d-4387-82c1-140c69ababef,Kayla Klein,05/25/1955 10:12:04,Female
3f29b3bf-5e20-41df-a205-353b83924ff8,Keith Gerlach,07/31/1874 16:06:37,Male
9dcaa80f-9c2f-40f2-8b8f-1fa77a81c252,Kelley Hessel,09/20/1921 11:19:59,Male
1c8e2192-7f3a-41a1-b4da-acee9e007047,Kelli Gutkowski,08/18/1900 12:20:23,Male
84e14fb5-fde3-4a9a-8031-5dcd13099da7,Kelli Koelpin,12/13/1956 13:32:15,Female
f39efea9-8fab-4035-ba8e-44b619f7ddef,Kellie Deckow,11/11/1949 08:37:50,Female
db751214-f8ad-4d0d-881a-86a039b5ce53,Kellie Ratke,02/16/1992 01:58:48,Male
1dcfb139-310b-4946-8d7a-c5b3b346ca40,Kelly Hartmann,02/20/1993 00:12:20,Female
e2362b4b-f0d9-4255-9a81-e6d6ef4040fa,Kenneth Hudson,12/31/2005 13:23:45,Female
c105d0a3-1469-4fb3-a726-3b77ce3e295f,Kenny Blick,11/07/1976 11:25:05,Female
c2fc67e3-2727-4a92-877a-a0aed25a2811,Kenny Pacocha,09/05/1871 04:28:51,Female
e87be342-0ef0-4157-b50b-9e4590af436f,Kenny Wisoky,09/04/1968 22:44:41,Female
1939890d-aa41-4cec-8c5c-962010c1a1af,Kerry MacGyver,07/03/2004 21:11:32,Female
973295b6-6850-405f-8786-38a8ebd88e57,Kerry Schaden,08/19/1885 13:23:57,Male
d9a3541b-8a01-477f-ae3b-11661971a76d,Kerry Weber,03/20/1894 16:38:48,Male
91fc286e-d5de-4f03-af44-44d8d1a67f24,Kevin Morar,09/02/1868 15:42:34,Male
b3dfc99e-3913-456b-8ad4-069629a520f5,Kim Sanford,11/30/1910 14:48:21,Female
679bbec3-99e3-4984-be7d-088a761359e5,Kimberly Dicki,07/14/1900 10:14:25,Male
bdca0f18-4554-45da-a3e8-e678c4651aae,Krista Boyle,07/23/1976 17:47:53,Female
a0b87834-f567-45bb-b728-25f813d227c3,Kristie Hintz,05/08/1888 14:55:29,Male
207ad5a4-01d1-40c0-b99f-332b6d8f8ed8,Kristie Larkin,05/02/1989 16:02:48,Male
80c65068-4f99-4d6c-8a61-8ed92e43dc66,Kristina Dicki,12/29/1910 06:05:16,Male
5826ce0a-3365-4985-9b47-8735dca9723c,Kristina Mann,10/26/1936 19:46:34,Male
67ca1ccd-26fc-436c-9813-e3a18d6d49fd,Kristopher Casper,05/23/1863 13:45:40,Female
cd5d33e2-247d-4e80-8061-11d8a92c9860,Kristopher Effertz,03/07/1981 21:48:46,Female
ee0674b1-1250-41d2-a1ac-0a5056ee44e1,Kristopher Heidenreich,08/28/1893 13:54:17,Male
8cf2efac-9998-4a45-a358-c381ceebe3ca,Kristy Bartoletti,05/29/1938 02:02:22,Male
fe1baa6a-73da-459c-a317-beacd551ea22,Kristy Glover,11/12/1927 14:08:50,Female
99b915e3-8bc1-4191-90bc-899810ad7e89,Kristy Schamberger,07/11/1906 20:56:51,Male
35070e38-ad72-4120-af5d-142d036d9d7d,Krystal Kassulke,07/18/1913 01:30:24,Female
bcdc9cae-ef5b-4b50-b32f-5bf7bb8cec2e,Kurt Hartmann,03/21/2009 20:02:46,Female
91c0481d-1bde-4480-b148-87cffe7ae103,Kurt Parker,03/09/1960 05:47:55,Male
1db489cb-d504-462c-8201-2e4398491e94,Kurt Rempel,08/17/1948 04:52:29,Male
65e7a9ae-2a0e-4366-8e1d-4cbacb825233,Lamar Treutel,04/15/1896 21:53:38,Male
ea39834e-8b87-4c93-b7b1-8b57becd0e5d,Lana Boyle,09/21/1953 11:45:17,Male
4730132d-e462-4e65-9863-4b094d53c7d7,Laura Funk,03/05/1992 14:45:03,Female
fcea4322-7b4c-42b3-b9ef-89dee53f6c34,Lauren Langosh,02/01/1876 19:11:27,Female
af111da5-a4de-4c60-9eb6-43921222326c,Lauren Lebsack,06/01/1925 03:38:09,Female
cb24ad58-2f9c-4617-bc67-3d4a89040d51,Lauren Rosenbaum,02/24/1924 15:37:58,Male
a6284cf4-2763-45bc-a833-04bea2c998e9,Laurence Steuber,08/10/1871 21:59:51,Female
e3313b7e-5113-42ce-ba72-6c2bc25686c0,Lee Christiansen,03/27/1890 14:28:09,Male
54b3dbfa-4d76-4f70-8a49-36aa7b0b6655,Lee Schuppe,02/19/1924 19:29:45,Male
7cace43d-d32e-46c1-a103-a7b6c51ff390,Lee Wolf,07/21/1984 15:38:41,Female
ad1b75ba-b8a8-41e8-b94a-f9388a3ca062,Lena Fritsch,08/31/1880 00:38:03,Female
b9247eab-6f57-4c77-a66d-cef3717c093a,Lena Little,06/17/2006 08:25:12,Female
edb8dea2-2834-4f99-998a-e9c1dc3767a9,Leonard Keeling,11/26/1952 21:35:44,Female
4e8f1c86-431a-4132-8a93-76cd266c0a77,Leonard Kunde,03/06/1944 00:58:39,Male
644b9877-39cd-4b24-bab6-5c62975f7696,Leroy Harvey,12/15/1887 20:10:07,Male
03c220d2-d76f-4a77-be02-03d01c3cac14,Leroy Leffler,12/31/1938 12:36:09,Female
3a7ce758-6952-42ed-9277-175af2d89129,Leroy Wintheiser,06/12/1922 15:46:14,Female
37902ab9-76d3-4266-a186-eed4da27e6b1,Leslie Fisher,04/02/1962 01:13:13,Female
b74caae6-ed89-434b-b5a0-508963bd1cf4,Leslie Gutmann,07/14/1919 07:35:40,Male
3a05b09a-f53d-499e-8bc0-aa064f5e22f2,Leslie Ortiz,12/03/1880 01:34:52,Male
bb6f0d88-a90e-4f40-8957-40333b4889ef,Leticia Bradtke,06/18/1917 20:37:42,Male
66b3b12d-cbe9-41b9-9e2a-552f7a10c476,Lila Ondricka,12/03/1926 11:29:20,Male
30325341-b8c6-4b9e-b453-3c0eb1776882,Lila Pfannerstill,12/28/1924 11:13:40,Male
0ac45738-6b0f-42cf-ad9f-65889bcd3a1c,Lila White,03/21/1932 18:17:01,Male
2f9ec8e9-deb9-4d7a-b18a-af188918fa87,Lillian Kirlin,04/28/1901 05:10:30,Female
d2dbb439-3c6c-48d3-95fe-1b30b2be4d94,Lillie Crist,06/29/1959 08:29:36,Male
fd43a483-fdd0-4a00-9f69-910dc3e9c2b8,Linda Koelpin,02/02/1965 23:44:15,Male
203b0202-a8dd-4523-a651-a1bdbb96ddf3,Linda Sporer,07/17/1980 22:07:02,Male
23554d16-ad86-453a-8ec1-0d928e8e6d50,Lionel Barton,02/10/1966 12:26:57,Female
dd917715-64ae-4737-ab1e-49b354a14864,Lionel Hirthe,10/15/1905 11:39:18,Male
0ae0df32-ab7a-43fc-8386-b2da63e2cfb6,Lois Schinner,05/27/1895 21:32:14,Female
41bb90af-9815-4081-a857-da2a71af76fd,Lois Walter,11/27/1924 02:20:06,Male
0472de79-6f75-4711-9cfe-8ccabb17f7f2,Lola Kirlin,01/12/1896 11:37:18,Male
9fa4ff48-7517-4af5-b144-1b7a2b037c0e,Lonnie Cummings,04/19/1978 01:17:15,Male
7e0f2d16-fb67-4894-aea6-4d455910bb03,Lonnie Daugherty,12/28/1958 00:11:26,Female
33070da9-04aa-4702-b0d7-39e1da63687d,Lora Feeney,05/04/1901 02:49:16,Female
953c0854-f989-4e1c-bbd7-4a24b28599f6,Loren Brown,10/29/1912 19:56:23,Female
73d5b7a8-fb48-4b83-bdb0-fba496171ff3,Loren Pouros,06/09/1864 22:58:37,Male
357b475a-7ae8-441b-936e-5f73ad085612,Lorena Murazik,11/01/1977 08:52:19,Male
ef273941-e60d-4792-b867-46afbdd7f61a,Lorene Nitzsche,09/05/1896 05:08:47,Male
fe9eafbf-ad9c-4f9d-8357-faa1fcddd15b,Lorene Wisozk,06/14/1864 16:19:21,Male
758a39f1-1110-42d3-9c32-e11002252b8a,Lorenzo Deckow,03/20/1957 16:55:20,Male
8de09934-0366-4e8e-b3af-3496bbb043d3,Lorenzo Hilll,05/14/1882 13:53:06,Female
4d4760c3-8eb0-4790-845f-696f3dfa3f7d,Lorenzo Howe,01/10/1941 11:11:51,Female
644c3bf2-1e03-48f2-8ed9-cab29311ad1d,Lorenzo Lynch,09/21/1907 20:12:46,Male
bdefdebc-6a39-48dc-914f-2c8706a0aa88,Loretta Reichel,03/05/1864 00:20:11,Male
98066a24-043c-4a99-a5f1-04bd935ba7f0,Lorraine Mills,06/18/1888 00:21:49,Male
c5488733-c5c6-438b-ac1a-2d0f1808b39a,Lowell Mayer,06/15/2003 12:49:57,Female
52e4577b-708b-4a77-bfcc-91428a10552b,Lowell Schmeler,04/12/1874 04:20:21,Male
e6dcb8d6-6492-42b4-9210-9fe71070db4f,Lucas Rohan,04/19/1908 22:44:00,Female
e5bb16b4-b64e-4bf4-a69a-332ecf2a4606,Lucia Gorczany,11/20/1954 17:36:29,Female
e92eab76-3962-4707-bd3d-21c1b9ec9b6c,Lucy Prohaska,03/06/1971 07:18:46,Female
eb86c56a-8343-49c5-97a3-3a7a07b65ebd,Lucy Reynolds,05/05/1883 21:51:30,Male
2583fdbf-f377-4a98-8847-67840d03b543,Luis Shanahan,06/30/1909 04:26:45,Male
3f3a11c3-bfcd-4930-913c-97ffcd310a0d,Luke O'Keefe,08/29/1984 01:22:10,Female
4ae571cf-8f45-4b13-90ba-39202cf61a41,Luther Morissette,10/27/2004 20:34:06,Male
440c35c0-bc54-4c11-be87-5d15e26d9d3b,Lydia Corwin,02/26/1926 07:13:30,Male
aaae5961-8d36-41f7-8838-17b9e77b92c0,Lyle Heathcote,02/01/1963 04:33:46,Female
0a78cf20-f964-4faf-9c39-8d03997c653d,Lynn Turcotte,02/01/1898 17:31:53,Male
acb2316c-64f0-4738-9d02-01ea44b8b473,Lynn Vandervort,04/22/1937 18:43:16,Female
ca5edd64-4474-4c57-aaca-4929d6d4d28b,Mable Farrell,11/21/2004 08:13:16,Male
a2108fa5-7c53-4d31-83a0-184dc0afbeca,Mable Greenholt,03/16/1913 00:31:32,Female
0f3ca043-7c30-4075-a8ae-68df4d4651b7,Mable Ward,08/25/1928 05:24:56,Male
5ab20d96-8a16-4cef-817f-47fdb9ceb2c2,Mack Bayer,10/24/2004 18:46:20,Male
75e79dae-8555-47f1-bce3-90a533e6656b,Mack Hauck,06/20/1943 16:29:12,Female
61bf0e18-f87e-4eed-8c89-6084b3561968,Mack McLaughlin,07/10/1917 15:58:49,Female
c459a3f7-5f84-4cd9-85d5-911b7905d98c,Madeline Legros,02/08/1996 13:34:42,Male
0b6d6cb8-2d9f-4090-84ce-612a6bb6912a,Madeline Lind,01/06/2011 10:09:21,Female
9be67693-4fcc-428b-b30e-b7654ca4809c,Madeline Wisoky,03/25/1887 12:30:57,Male
3fd06ff6-1291-47b0-9c2a-f7dd78506329,Madeline Wyman,10/30/1917 11:00:56,Female
5702436e-d545-4c98-ad98-5d85cafa8a66,Maggie Wiza,08/26/2010 06:10:42,Male
86530bed-6fea-42b4-bafa-7fb7a152368f,Malcolm Hartmann,07/09/1931 08:54:22,Female
d47a8e13-3067-4071-afaa-ff453c1eecd4,Malcolm Sauer,04/21/1867 06:15:47,Female
ea667015-f9b9-494e-b681-94102cb4d0fd,Mandy Bruen,07/01/1933 07:17:10,Female
9a6fb016-d397-4ac3-95b2-5e084ac06b4e,Mandy Christiansen,10/07/2005 13:52:11,Female
9950e672-a27f-4745-bcd0-26b2b93f24d8,Mandy Dickens,07/06/1872 16:32:41,Male
62450108-ea4d-44fc-9143-ccd97a1973b9,Mandy Koelpin,08/05/1929 14:34:28,Male
b7dce632-9049-4c33-8b65-ea6b4bfc6383,Mandy Zieme,08/15/1923 21:44:38,Female
11bda45b-04e5-4cfd-b6d7-6b9d20f33f01,Marc Boyer,02/09/1873 06:53:00,Male
cc31316d-f89a-47f0-82ce-59b843883b02,Marcella Crist,03/14/1982 07:41:55,Male
5e3ef4e5-9832-41e0-a832-8d682ded6d95,Marcella Rutherford,07/16/1994 18:38:13,Female
182c96b1-b8b3-4944-83a7-4cb936ae3477,Marcia Hilpert,09/16/1975 05:01:30,Male
7d18a415-2df4-4405-b7f7-e71da90f82be,Marcos Conn,02/21/1954 22:30:09,Male
99110a39-d05c-4a48-83a8-7f086cddb178,Marcos Dicki,01/25/1871 01:19:48,Female
868988b4-8fe1-4d13-a93d-c538e58e25f5,Marcos Stroman,07/01/1910 14:30:33,Male
e867b2b5-312d-4bd6-88fd-8e2656bcb438,Marcus Boyer,06/21/1907 19:13:17,Male
c20bd268-72a8-40ae-bbcc-e9d02937d234,Margarita Feil,11/02/1992 02:36:46,Male
94f426ff-a34e-45d4-8365-c75132280fa0,Margarita Jast,04/23/1961 06:23:33,Female
3d233862-4f77-45ce-92ab-53fe423ea423,Maria Breitenberg,03/02/1912 10:55:58,Male
a9c3a811-abe4-43a5-9b8d-672ae13eab7b,Maria Buckridge,03/17/1999 07:26:07,Female
a6d512fb-f016-490a-8c0e-c4282977ebd3,Mario Nienow,01/21/1915 15:23:58,Female
168ec335-7c1e-4e2f-ab2e-bcad33180777,Marion Halvorson,04/01/1896 17:57:24,Female
1a48b5b4-7264-4ad1-815e-16cc3f366cb2,Marjorie Erdman,04/25/2000 05:17:42,Female
bd1d3c9a-9b0e-4841-a81e-4f9b085d8f73,Marlene Yost,11/07/1939 02:08:13,Female
fef7b5a6-da0e-4594-aae1-82d80df49cf4,Marlon Kshlerin,04/19/1890 17:44:42,Female
823a840a-a84e-4760-aeef-3da813a151f8,Marlon McClure,12/15/1933 06:40:20,Male
d0069e50-5905-4ea3-993e-9f5a362fe68e,Marlon Satterfield,08/30/1973 08:23:36,Male
17117899-838d-4f35-b3cb-997556d9418e,Marsha Beier,10/11/1932 19:24:07,Female
4db0f143-dd94-4eb5-99b1-169fb5df6452,Marsha Larkin,12/23/1877 03:56:51,Female
3942a470-eb36-4a1e-9d73-24d8561b3285,Marta Hilll,08/13/1941 00:49:14,Female
87f7619f-744b-4f0b-8774-0f15af2a3c3f,Marta Johnston,12/06/1966 06:29:04,Male
3ae3396a-41e5-4631-9480-86a42ddea83e,Martha Quitzon,01/07/1913 09:49:17,Male
6e013c08-e63f-43f0-90ae-0eb21ae26dc8,Martin Gislason,05/21/1868 10:39:37,Male
3fcb7b6f-e38a-4700-8895-1f5340aa9679,Marty Ward,04/03/1924 19:35:11,Female
4168fa19-2370-40f4-9cd5-e8b88b04ed12,Matt Pacocha,06/21/1877 16:22:38,Male
8762d5bb-4474-4e2e-ae85-f85718745b21,Matt Sipes,02/26/1949 03:26:59,Female
d1297840-bd07-448b-82ac-280b8ba6ecf5,Matthew Johnston,07/26/1961 03:02:02,Male
20faabfb-f52d-4ec7-8b50-e362064395dd,Maureen Parisian,09/07/1968 20:08:28,Male
d7335b8f-27e6-4fe8-a38d-6d25bd06bbea,Maureen Smitham,11/30/1938 03:12:25,Female
bbf4b90a-b5ca-4d34-87bf-d9336508bb14,Maxine Gutkowski,06/06/1970 09:37:24,Male
814bff87-f048-4b62-89b4-71a397db5c24,Maxine Mayer,05/28/1873 19:37:00,Male
c8c07b3a-ed46-4e50-9014-4aee49f9e1bb,Maxine Wisoky,05/17/1879 14:20:47,Male
308638fe-7e54-4cf3-bf77-d8da44bbbd22,May Rath,12/31/2000 15:19:33,Male
4dd3b9e8-1a99-46b8-96af-1cf02beb3f75,May Stracke,12/11/2009 04:05:22,Male
e9dc7632-576f-4dd8-bddb-84ffebc2a4f5,Megan Durgan,04/15/1894 13:13:13,Female
4748d6ab-51e1-4dd8-a4ff-c91cb268576c,Meghan Robel,09/20/1934 17:00:14,Male
dd96b60c-7bfb-489f-9dd7-3864bd2b68b1,Melinda Boyle,07/13/1946 16:10:31,Female
cf58574d-1606-4fb8-a685-7944043c5bd6,Melody Jast,11/12/1985 22:19:17,Female
42db045d-a9b9-4a7e-ac06-1c0a8d62fc3e,Mercedes Daugherty,01/29/1900 19:06:44,Male
331067d1-55be-42d1-ae11-d1163d103a8f,Meredith Grady,01/07/1967 18:03:18,Female
f4ba5bff-784f-41b8-b14d-6668872aedfe,Micheal Kerluke,06/30/1908 10:51:21,Male
86d66074-2e56-43f4-a7f8-1b79c7f3743f,Micheal O'Kon,03/31/1961 08:16:21,Male
251e5962-18a6-48dd-a302-ac360c49666e,Micheal Powlowski,10/23/2006 23:56:32,Male
6145039a-0460-4a92-a23f-365263621082,Micheal Terry,05/06/1866 22:48:36,Female
ed7f0739-a11f-49bd-8754-e057312dc5dc,Micheal Zemlak,06/15/1904 22:56:02,Female
e1c05b07-8b06-459d-b602-6a11b3c4ef9a,Michele Beer,02/09/1876 04:08:48,Female
53c13c93-2cb4-4c02-adc9-a164609ade7f,Michelle O'Connell,05/27/1991 21:17:01,Female
4b4e136f-89e3-4014-8846-9ef740673611,Miguel Mills,02/18/1968 17:14:58,Female
78b048e8-6069-42f1-833a-93bd3f746364,Miguel Pacocha,01/26/1996 05:00:16,Male
4e8464c4-8a96-4497-a45e-e991f38a26de,Miguel Volkman,05/14/1954 03:39:44,Male
ccd59a30-f2ef-473f-8a83-6361775febfa,Mildred Crooks,02/12/1908 13:08:45,Male
6e5609d3-619a-4019-84bb-c2be94e16289,Mildred Hilpert,02/08/1866 22:28:15,Female
a2bd3801-e5ee-46ef-9120-00728fb2c238,Mildred Nitzsche,04/09/2000 21:02:35,Male
a95dcb8f-2326-4d78-8961-d51bf7eb4b83,Milton Conroy,09/30/1987 17:02:12,Female
5c87bdc5-7fd6-406a-9dc5-fbb3703e9c25,Mindy Larkin,06/01/1914 02:23:21,Male
14e6a852-3d04-422d-b8e0-2151b9fa4e75,Minnie Thompson,05/11/1899 11:19:15,Male
16892af4-745a-411c-85ac-953873506a12,Miranda Bins,10/18/1904 21:34:45,Female
61d0418b-1c75-49b3-8c3d-e09d12607ecd,Miriam Jaskolski,09/10/1892 03:05:01,Female
eb60d7c0-2be4-4682-ac29-e7f8b93dc292,Mona Schmidt,03/16/2007 20:08:43,Female
ed6a5a2b-699b-4f2f-9971-5e21ad759cee,Monique Rolfson,12/11/1896 00:38:49,Male
8d747e96-02ef-4308-8a77-dabc35cff0a0,Monique Ullrich,10/18/1918 17:13:34,Male
29d10c59-5419-4eb9-9eac-cba5300a1e87,Myrtle Leuschke,09/30/1971 17:28:09,Male
54ff4b07-41e7-44ce-a661-efe8befb86d9,Nadine Watsica,09/21/1875 01:33:11,Female
ede05f6b-c168-423b-a6f4-bd5fa8069138,Nancy Miller,10/03/1988 15:21:06,Male
fe12873e-3261-4c74-a6d0-ebbff242f6e0,Naomi VonRueden,02/12/1884 07:54:28,Female
64c2920d-eed0-4ca9-806a-e518fde97771,Nathan Mayer,08/30/1904 11:19:19,Male
5e323c5b-842d-4724-b701-8f5c4d33f04a,Nathaniel Kiehn,03/16/1914 10:01:04,Female
48beba8a-0107-4318-a5f5-602a7d176728,Nathaniel Satterfield,10/29/1983 12:55:59,Male
778faa5c-5ed3-4eeb-b9b8-f5f564f24006,Neal Bode,10/12/1992 05:43:13,Male
d0e29edd-71ff-4726-bd8b-5e871ca28d9d,Neal Larkin,08/18/1870 21:54:01,Male
f3067aa8-1d4c-4b87-94c6-de52ea295e93,Neil Goyette,01/13/1992 00:05:35,Male
e62aaa07-32ea-4972-ba44-8fcd9d03a35c,Neil Haag,02/13/1999 14:02:49,Male
1bf09140-f084-4ebe-b7e9-d6e661fa0923,Nellie Graham,08/15/1936 05:44:33,Male
bb2ee8b7-5626-410e-989b-dc2ee661d259,Nelson Deckow,08/25/1965 10:05:18,Female
c6d17658-7416-450e-b796-d2a20a0f0e8c,Nelson Howell,09/15/1908 23:48:26,Female
c766d9b2-65c3-44f0-a80e-c45d29c2348f,Nicholas Toy,11/23/1921 17:45:02,Female
42c37730-e7ae-400b-8e40-1fa8c202e2d4,Nichole Legros,10/03/1969 21:44:16,Male
85a44b8c-c7d9-4460-8ed0-787078f54921,Nick Torp,05/05/2003 09:23:50,Male
668afecc-0765-4820-8d88-0e9c4497a706,Nicolas Senger,04/09/1936 13:08:02,Female
09aa81ac-3b1e-4a38-bcbd-9e121e636e16,Nicole Padberg,09/24/1914 04:25:40,Male
30462931-d42b-42e2-ad0b-264e8ac441d7,Nina Wisozk,06/17/1943 23:36:54,Female
84cc3e25-0e8d-4a77-8a6a-c625bb2682d4,Noel Roberts,01/16/1982 04:15:03,Male
eb157851-b2cc-4885-9fbe-62ee7d679636,Nora Schumm,10/16/1908 11:04:01,Female
aa143231-39ae-455a-997a-744f836ef511,Nora Walker,02/03/1968 02:22:58,Male
5b2ecd5f-57df-4bbb-b0e4-aa14186f4ec3,Norman Dare,02/07/1917 03:19:05,Male
16fe455e-9a4e-44f5-ba52-ce045da099c9,Norman Leannon,10/13/1888 09:04:20,Female
348e690f-65ee-4e92-8c4f-08c429ed3925,Olga McKenzie,03/30/1987 14:10:28,Female
9bb688e4-1b38-4546-8f50-62d15a913bc6,Olga O'Connell,01/06/1893 06:53:26,Male
d93a1145-ca87-4a36-aad4-9b02e8bdf61b,Olivia Koepp,02/23/1990 21:30:59,Female
fdebb298-0d85-4fc4-8cc1-28cf0500b0c2,Omar Hyatt,10/11/1866 01:32:37,Male
acea2a39-5440-4da5-ae9a-08324051ebae,Oscar Crooks,01/07/1863 02:26:30,Male
9a304da9-90e8-4b40-89b1-f516dc2ac929,Oscar Walsh,10/22/1914 18:40:15,Male
a1bc3784-5239-41df-ae73-093ad7b2ba05,Owen Langworth,07/04/1970 04:59:15,Male
5a441b21-bf15-4c69-9387-ed148824e29c,Pam Hilll,08/19/1949 00:07:39,Male
503868a7-3d34-4fe9-a536-35ceef1a1912,Pat Mitchell,01/30/1955 01:14:28,Male
667a48dc-c328-4b98-beef-28bfccb89402,Pat Streich,02/15/1995 08:42:06,Female
1b0f225f-bc48-4f61-bc70-b1264b804df6,Patrick Schinner,11/15/2011 15:33:11,Male
de2d603f-2f5c-44f6-a64f-55b94d5ab030,Patsy Goldner,09/29/1878 16:56:37,Male
dc5c68e6-af29-4f04-933b-fe0499cdd150,Patsy Paucek,11/29/1876 10:33:28,Female
f55816f1-98fb-4c07-88e3-f1ad75883a1d,Patti Shanahan,07/08/2002 15:37:17,Female
281d75a4-cd99-417a-99e7-db27e57d22b6,Patty Weber,06/30/1879 12:49:20,Female
2709d08a-ab13-4e70-8ac5-71b7125611e4,Paul Ullrich,07/21/1972 12:38:32,Female
1d32e3d6-0dcb-414a-b3f6-fb4526e1faae,Paula Ryan,07/27/1964 20:49:42,Male
6cb23b3b-0d5b-4e82-8340-aa4be0971074,Paulette Hyatt,12/04/1973 15:56:21,Male
43a7187f-237e-4a6b-b67c-8ba45513a08f,Pauline Hodkiewicz,12/20/1879 01:11:36,Female
45ab82ea-780f-4da1-9550-106521306ebb,Pauline Schaefer,07/05/1935 16:28:08,Female
3f31ee78-6a1d-4e1a-a490-a709cb29e381,Pearl Kunde,08/14/1993 15:04:22,Male
6c0242d0-6e8f-446a-8696-da4ef4edc44e,Pearl Orn,01/14/1909 03:38:43,Male
f1a28242-b0de-484d-aa07-282c2c5898f2,Pearl Powlowski,12/17/1938 07:57:57,Female
9631162d-922d-455d-80a2-d519fe9fe9b7,Peggy Nienow,06/09/1901 05:20:42,Female
8dc74068-27f5-410a-9cf4-cbb447d21697,Penny Flatley,07/16/1938 08:39:01,Male
01c88daf-2f15-49dc-a7ee-5b5dd56d9c1d,Percy Haag,08/02/1914 01:29:05,Male
d4ef9b1e-124f-4dc9-b5ed-756561732289,Percy Mertz,11/13/1991 04:30:32,Male
1c597bc0-94d4-463a-b8e0-76300636227f,Perry McDermott,10/25/1911 15:10:45,Female
14534902-9632-4dff-bed9-81dcdc336098,Perry Stamm,06/19/2005 00:34:32,Male
bbbc3b87-0bbc-4e91-85ec-0216ac7828f5,Pete Heaney,03/12/1932 13:43:33,Male
cb968829-a1a4-480d-9c12-c148ea51073a,Peter Ruecker,04/17/1944 03:20:55,Female
34bb13d5-13dc-49e3-9b6f-44e407c96ea7,Phil Block,05/25/1889 23:52:14,Male
75258dec-8cef-477a-adae-1f8a07630ce1,Philip Cronin,10/30/2005 07:10:12,Female
91662c9a-ab93-43c3-a08b-416afb58d9af,Philip Upton,05/17/1873 01:45:39,Female
7e7d3297-0b57-4ba2-b81b-6edcc9626b63,Philip Vandervort,03/24/1980 00:40:23,Male
55455dc7-18e1-422c-bcd3-60e7be266c09,Phillip Tillman,12/22/1979 00:47:01,Female
9b91dfe3-a243-4a17-879e-eae71c753540,Phyllis O'Conner,02/12/2007 09:58:38,Female
97851842-2c34-472a-b53a-86e333e17036,Phyllis Rosenbaum,12/13/1976 23:18:23,Female
aa4da280-eb8e-4fca-87e6-1eb3d0992878,Preston Fahey,11/16/1890 16:56:52,Male
2144843c-406e-4150-8f28-228fa134abfe,Rafael Bashirian,11/07/1964 04:02:39,Female
3103c6de-9f9c-4312-9526-7051f5eb0f51,Rafael Buckridge,06/13/1928 05:37:39,Male
b017fa0a-01d2-4a34-913e-62b825236481,Ramiro Hansen,03/08/1995 15:14:13,Female
99bf9efd-52a3-4150-a27e-bd52d5959621,Ramiro Parisian,12/27/1950 22:05:46,Female
8f7f6701-b260-46aa-96c3-287bf9b1e158,Ramon Cassin,07/03/2003 01:18:43,Female
91f5adb6-d4a0-48e1-91e4-ebbd00cab5bb,Ramon Nitzsche,08/28/1989 12:11:56,Female
87a20c1b-529e-4181-aef3-1552d7d6d1fc,Ramon Price,12/23/1904 17:07:46,Female
59b484a7-ce41-47f3-aca5-954d0ab40379,Ramona Kris,03/15/1871 06:01:25,Male
e33fc8d0-bb7f-4608-bc8f-0be2d3e2b6ec,Randall O'Keefe,04/19/1919 00:09:55,Male
367d381b-df6f-48e5-8641-4e3952348d5b,Randolph Feil,12/08/1942 23:37:33,Female
1db49972-48c9-476a-b9c2-881d5781c1d0,Raquel Reichert,11/11/2004 00:33:05,Female
1915e174-c312-4f3d-b118-428882cd7d19,Raul Christiansen,06/01/1936 15:44:57,Female
66a52ffb-007a-43bd-8e20-367600b64275,Raymond Greenfelder,08/18/1894 13:45:09,Male
33e6602b-a249-4dec-a87e-ab3167eacd59,Regina Schaefer,01/31/1873 07:32:45,Male
2a0293a8-7970-4aac-9911-3359d4bf1a11,Regina Schuster,11/19/1983 06:18:48,Female
71432e2a-2dd2-4b67-8685-06c4c0998f27,Rene Schoen,07/24/1894 09:35:53,Male
f0960b42-e114-49bb-bf2b-64c1ba599887,Rene Volkman,11/10/1882 08:11:10,Female
af32171f-41bd-4290-b50b-5cb76758e022,Renee Sauer,09/04/1925 16:00:55,Male
54b4bcde-dd66-402b-9bf0-bfe72864f04f,Rex Goodwin,06/01/1921 18:50:31,Female
3b8cd053-9977-4df6-af0f-08752b9e3c71,Rhonda Hyatt,04/25/1954 21:04:56,Male
0e92c7df-70d2-4b43-88f9-5bbb0bc3b303,Ricardo Stanton,05/22/1961 13:18:55,Male
982c0065-49bf-470e-9544-ab0d64123f2f,Richard Gleichner,06/27/1989 21:51:08,Male
9b2a27fc-2614-4fba-8993-c00725bc06e8,Ricky Gleichner,10/03/1997 04:56:58,Male
8568f4e7-d14c-427e-b604-a9f755951ca3,Ricky Greenfelder,12/12/1897 08:06:39,Female
56d80a1b-3055-4fe6-9bc1-035887de8433,Ricky Murray,08/02/1955 21:22:08,Female
73919a32-49d9-4bb2-901c-9f71f939e3b9,Ricky Quitzon,07/10/1870 22:10:22,Male
45d734b5-5f11-4f5f-8712-9a83c3ac16c9,Ricky Zboncak,05/17/1972 07:15:12,Male
0ac679c2-fa1a-444c-84f6-8f4ab40dfbc3,Robert Sauer,06/29/1917 11:28:34,Male
b68f3b38-c831-4e6d-b0b2-78f82a1e8444,Robert Windler,06/09/1964 11:33:26,Female
aed5925b-506e-47fe-b82d-3767fedbe1e3,Roberta Fadel,10/08/2006 23:43:10,Female
c60f320c-5b40-4dc7-9a96-13ca399d6c34,Roberta Haag,12/20/1909 16:46:07,Female
30cfff1d-86a6-4296-a6a7-2caea679df63,Robin Halvorson,04/15/1867 13:29:37,Female
ba9f7147-c1a7-4da0-9cd8-fa255f825574,Robin Wolf,06/12/1932 21:31:40,Male
0da400d3-acec-4e4f-9e70-d1674078ed8d,Rochelle Kilback,03/10/1864 17:01:02,Female
a83755ab-3dd4-489b-8157-29da192e5acb,Roderick Frami,09/25/1939 23:08:02,Female
70a86ac8-df38-4845-9837-16e151260a09,Roderick Gulgowski,06/26/2007 17:33:28,Female
608177e3-4349-4c19-9c2d-a713856468d1,Rodney Blanda,12/18/1893 10:34:20,Female
9990d279-a8f2-4d88-8d57-a3e2476c0bc8,Rodney Padberg,03/14/1970 18:08:36,Female
b0c7370b-5f9c-4fab-98f2-8db830151318,Rodney Ward,07/30/1870 13:38:10,Male
9c4d170b-55b3-4c30-890e-cfa5fd2f79d1,Roger Cruickshank,03/08/1945 03:53:07,Male
3a0351bd-8a8a-4c1a-ac81-5d39d62ea076,Roger Greenfelder,11/27/1911 19:27:39,Male
929a04ec-7746-4cab-aa8c-8e9e4472d013,Roland Leuschke,02/06/1969 16:02:02,Male
915d8dc9-5fc7-45bd-be3a-e64d7487932c,Rolando Walsh,04/27/1931 02:39:32,Male
19701459-a40d-467e-8dfc-4ed7f86a84f5,Roman Grant,07/28/2008 13:00:34,Male
138ba687-07b1-40ba-a520-7e4089bd4d3a,Roman O'Keefe,06/22/1878 08:34:18,Male
1e3481a0-5025-49b3-9e77-e4d3339eff7b,Ron Turner,04/07/1915 07:12:42,Female
6bcc9358-d320-4629-b135-5d49ced4dc94,Ronnie Boyer,02/27/1976 10:41:56,Female
8796b217-7f11-406a-bff1-5554cc0815f8,Ronnie Willms,05/30/1893 10:48:13,Female
fd19972e-7da5-468c-aa7d-af29811e33fa,Roosevelt Hartmann,10/28/1940 14:58:22,Male
cc026cad-4bf5-4a77-a98e-3f37d1d143a8,Roosevelt Rodriguez,01/18/1969 12:34:48,Female
5e32d48e-60c4-4950-89c3-7b17c58b75c7,Rosa Grady,01/03/1993 22:26:59,Male
228b28ac-2999-4631-a6ff-5ed00f56147a,Rosalie Larson,02/14/1899 19:20:03,Female
f61d0f5d-8780-4fc0-86c1-6596f84d8a25,Rosalie Ruecker,01/26/1935 03:06:03,Male
eca0846f-362d-4b12-80af-6c4b296e0e12,Rose Pacocha,02/24/1982 07:59:46,Female
c9d6cc2e-d760-40ff-96d7-cb0ea87d85c4,Rosemarie Bednar,09/03/1948 04:16:40,Male
6343a028-17e2-4069-8cef-4d656ee3f597,Rosemary Boehm,10/16/1973 04:44:33,Female
ab23d1c2-560f-460f-930f-edd5b1af59bf,Rosie Fritsch,06/09/1933 07:21:48,Female
b77467f4-2a19-4c5a-9718-d9c5d6a19d40,Rosie Hahn,11/29/1890 11:51:40,Male
8e23731b-f42d-46e4-9eb4-5a126b8934c6,Ruben Crist,05/18/1899 08:03:14,Female
7949723e-4c14-4bce-abc2-aa2354322011,Rudy Carroll,07/14/1973 09:38:40,Male
074db950-7a0d-428c-9a73-59b2e4afa156,Rudy Williamson,02/16/1918 12:53:33,Male
970f569f-ce55-4df1-a98e-aa9f4e1e613f,Rufus Brakus,07/23/1864 14:39:17,Male
5c333ba4-5fdd-4468-9f25-a729558be2e8,Russell Gottlieb,07/05/1919 23:07:40,Female
457477df-5d04-4f9a-ba47-847cf75744c6,Ruth Boehm,05/28/1933 23:34:31,Male
c3882d4b-69b6-49e2-a1c0-71b2751543d0,Ruth Stanton,06/26/1962 17:25:27,Male
9c1d4fcb-ef8c-43f7-82b1-ddd87537c6c8,Sadie Balistreri,06/30/1999 03:55:13,Female
807fd763-25f9-4388-8314-c9ef0dd9beef,Salvador Glover,12/01/1880 02:49:42,Female
7e66f1fe-c703-43ef-8ddb-459994538c00,Salvador Nienow,01/15/1957 02:02:24,Female
d00db79a-785d-4f60-b9d5-15df8b3ff755,Salvatore Hills,03/20/1902 03:10:30,Female
184e096e-5662-4b7d-a57c-0eadb8664f1b,Salvatore Pagac,03/01/1978 11:43:38,Male
a93456c9-a71f-4754-97af-cfa1dfb9749a,Samantha Abernathy,01/23/1935 19:59:26,Male
0d157ab9-3f40-44bb-aee2-910ab5312397,Samuel O'Reilly,09/11/1953 18:40:49,Female
393c5cb5-aef8-4ee7-900f-cbf3b8c4be2e,Sandy Anderson,03/18/1874 22:09:32,Female
61b13ecb-b109-4200-973d-d2ed61c95e1a,Santiago Vandervort,10/08/1907 01:20:32,Male
86a98b85-51e2-4d6f-ad70-c007b8a3451b,Santos Pagac,02/16/1943 09:08:42,Female
e1be4af7-f593-4a62-9318-97c849f81cfb,Sarah Buckridge,12/10/1913 19:27:27,Male
bd567280-c106-430f-b3f1-07d7a5ea917b,Sarah Moen,05/27/1978 23:03:27,Female
3fd9b584-2813-4620-b6f1-21b5562b2fc4,Sarah Tromp,09/09/1866 01:55:49,Female
b9358459-3d4e-40a4-b166-8a5eadf5ff27,Saul Bradtke,06/16/1930 05:21:15,Female
a9b0319e-8c5e-4f70-a42b-671835b3338b,Saul Murphy,08/15/1915 15:16:57,Male
53c6ded7-bb47-4cbb-9b5c-cc3b2b3c9a90,Sean Schroeder,06/28/2001 17:32:57,Male
d4398636-b968-467c-bab3-4184b49dff87,Sean Treutel,05/25/2002 07:48:07,Male
1fc06ca9-fe4b-4f20-957b-4a3348d352f9,Seth Bruen,01/01/1979 10:23:15,Female
756e8f90-347a-4b89-8327-2fe60c902c30,Shane Goldner,06/13/1892 13:35:57,Male
5ca7a5cb-12b1-48e4-b5b4-26e7d7d6b7bd,Shane Stanton,08/04/1978 20:12:55,Male
17d6690c-f8b5-4356-83cb-d251f457c1e0,Shannon Medhurst,07/17/2003 19:53:12,Female
d6539408-9740-4a54-b661-548bfd4a83db,Shari Abernathy,08/22/1895 20:41:23,Male
23aaa685-9094-42bc-909a-399cddc9ac4e,Shari Buckridge,10/11/1880 01:59:11,Male
19adcb0d-906d-4b71-96d3-0658a34db8b4,Shari Roberts,05/18/1871 06:11:51,Male
c31886eb-6feb-4bb7-be02-02098edae975,Shaun Shanahan,09/18/1963 18:19:19,Male
76e53767-04a0-4a1a-8871-288f039813e5,Shawn Hane,08/05/1919 19:23:22,Male
5aa2b98c-168c-4734-a89a-2a97955b6594,Shawn Reilly,12/26/1901 23:43:13,Female
5cf60c04-1197-4219-9822-a3cff6c75142,Shawna Dickens,03/24/1880 17:31:39,Male
a294a931-ca0c-45cf-bc8d-4b379cab9e27,Sheldon Blanda,12/10/1893 15:44:20,Male
b5802f5d-b667-4c23-8169-32d344939b66,Sheldon Blick,06/15/1872 22:27:24,Male
fb9544be-8ae7-4f61-b382-9a79933feabd,Sheldon Reilly,01/19/1954 14:46:18,Female
bcb9b457-6406-445d-90a7-31221de0788f,Sheldon Volkman,03/14/1949 04:29:59,Male
ddc03f18-3555-4d85-80bf-7d3406880559,Shelia Larson,06/25/2002 02:50:01,Male
91799689-6b47-4bb3-9f81-b96fed3821f1,Shelia Legros,03/27/1906 22:38:00,Female
4210d26a-6afc-41d2-b396-328ef58b134e,Sheri Hauck,05/07/1878 03:53:39,Female
30e880e4-6b17-4388-b8cf-e404371bd6bb,Sherry Volkman,01/23/2002 10:51:31,Female
a5419bb6-4061-49e1-872e-61292f41e882,Shirley Effertz,04/28/1996 05:29:57,Female
babf4c6a-d0b0-4a4d-bc1f-b53d8888fe1e,Shirley Parker,05/26/2004 10:00:27,Female
fbec19ae-e728-4f51-86e6-c69a974b5b4f,Sidney Rutherford,09/08/1968 05:56:38,Female
3cc3485d-12b9-4af6-9c85-4ba3537ada90,Simon Stanton,12/30/1940 03:20:29,Female
aa4d3e09-b2f6-41cc-8f44-270a45073fec,Sonia Zboncak,07/10/1957 07:17:47,Female
97f3ca85-7c73-422b-9bbb-728c7242ffd7,Sonja Johnston,03/26/1905 12:46:26,Male
e6fbf0ab-0e4c-4579-a4f1-acf32cf40b78,Sonya Hamill,02/26/1870 15:55:01,Female
7b8bf56c-4cae-4081-8131-e846a5314411,Sonya Luettgen,08/06/1949 19:29:16,Female
2d16d9ed-2f0f-4de2-939b-d8cee6e3feaa,Sonya Rolfson,10/13/1868 01:56:52,Male
c26aa9ad-4b04-4535-bbb2-02e05403a83c,Spencer Kozey,02/17/1937 08:16:22,Male
e911a803-adb6-45a2-b480-00eb77b17ee6,Stacey Auer,01/08/2011 11:53:00,Male
a654cffe-facb-4bb5-827f-e30c8edf4eda,Stacey Bernhard,04/25/1985 22:22:21,Male
7a15df23-0c54-47a3-b846-c017175b8079,Stanley Hermann,03/04/1872 12:37:03,Male
29394cc0-09fa-411d-b7e1-db816e453ca0,Stanley Will,04/17/1930 06:49:23,Male
038d151d-4738-41db-8cfd-713186f58669,Stella Dickens,03/19/1868 02:17:37,Female
5e913b95-cc4b-45fe-865c-da0c3425cf97,Stephanie Deckow,04/24/1943 21:20:48,Female
38d8d848-c9c4-461c-8755-2e824c48ec18,Stephanie O'Keefe,05/31/1920 10:11:37,Female
ca05a0ad-0076-4337-87bf-aa25b75eb052,Stewart Morissette,02/06/1990 05:22:42,Female
e2ca2389-33d5-4a7b-b5ab-871e50373773,Sue Balistreri,12/07/1949 13:07:18,Female
45e03cb3-d6b2-4a04-9e0c-59763552ec22,Sue Cummings,09/19/1996 03:26:34,Male
df1292f0-8e39-496f-8918-d03be66c1c4e,Sue Kling,09/11/1928 16:42:22,Male
462a7d5a-9a15-4b9f-89c4-36570b23e701,Susan Cormier,09/06/1872 12:02:31,Male
992dd34d-7c74-4d16-8177-d44cdc9d8f66,Susan Doyle,03/03/1992 11:46:27,Male
41cad342-6895-4ccd-9b16-6148e0b2d2dc,Susie Jones,04/20/1982 05:47:34,Male
05f2676b-eb30-4ba7-b7a7-c1c1af9b1c72,Suzanne Ratke,07/02/1958 22:13:41,Male
83924f9d-15cf-4d0d-8722-27ad141cdeaa,Sylvia Miller,07/12/2000 22:09:51,Female
8b6e3c5b-45a4-4f90-a5c2-9322769c77a2,Tabitha Roberts,10/19/1949 17:32:25,Male
773c04d2-5bb3-4d91-a604-7e49b2fc8c7a,Tabitha Turcotte,05/18/1972 19:17:07,Female
c46ec3f2-3c3e-4646-966c-2f2dfb582cc6,Tamara Kris,05/10/1903 01:46:03,Female
72d609a4-5535-4bcc-86f6-fbbf7ed1ced9,Tamara Tromp,11/25/1955 04:43:06,Male
aa4e7a00-b8e6-4713-9937-0b7f9c2e295a,Tamara Volkman,01/16/1989 02:35:36,Male
82463883-eeae-4622-b55e-0e1a5193daf9,Tammy Murphy,09/11/1918 10:42:51,Female
4055791b-bc15-4f5e-805e-9ac168279dd0,Tanya McGlynn,11/01/1863 12:27:59,Male
31bb6347-b71a-40c8-874c-868e4dc735f3,Tara Gorczany,09/02/1995 06:36:24,Female
964e12b5-0687-405c-b3c9-b4edaa24d1e1,Tara Schmeler,04/01/1883 20:54:03,Male
97e5bb52-c13f-4c84-83b3-37357b6afcb1,Taylor Block,04/15/1925 19:04:59,Female
8b84d3a6-0886-4c76-ac86-8e2786d80ac9,Taylor Hilll,03/31/1980 16:13:31,Female
9079b305-e879-412a-aebc-117998225040,Ted Fay,03/05/2005 11:24:51,Male
3a42b1dd-7fef-448f-bcde-cc2ac73aa03d,Ted Mohr,07/03/1867 13:09:09,Female
0b644af6-8af9-4e48-a417-57851de21d4e,Teri Leuschke,08/21/1988 05:59:50,Female
19ee691e-eb43-4920-a9b6-a270c405221b,Teri Marquardt,09/20/1994 06:45:41,Male
2705d601-dffd-48c0-86a7-0ee74ae26a16,Terrance Boyle,07/28/2008 21:55:02,Female
14b71f8b-3f85-456a-b97b-1b9c2b8f8266,Terrance Konopelski,10/20/1866 20:40:11,Female
081c1844-5b2d-4d8d-86c0-4a894cc5237b,Terrance Kutch,04/01/1978 18:04:49,Female
3729240e-262a-43d2-a298-e0e39b5624ce,Terrance Sawayn,05/21/1975 21:02:02,Male
aba4f9ce-9c82-4a85-bbb7-7565bba0f2d7,Terri Welch,02/03/1932 00:42:41,Male
ba0cb134-b051-4063-b27d-828fc0c32f33,Terry Farrell,01/09/1950 02:13:06,Female
7ed8cb8a-3938-4d5c-a4af-44d7c41e55f3,Terry Torphy,06/11/1918 09:47:30,Female
2ed76c74-d1aa-4719-95f7-972ebf28c3fb,Theodore Altenwerth,07/29/2007 03:37:41,Male
ae889676-e2a7-419a-a1d8-70065224352d,Theodore Aufderhar,07/10/1895 05:17:57,Male
714a7863-3fdf-4f5c-8b06-66e85a1790e4,Theodore Stehr,05/07/1964 08:11:49,Male
37a7434a-d93d-43e9-9297-102634af7a61,Tim Luettgen,11/13/1993 02:31:25,Female
5e79daf2-543d-4669-9cc8-e6e72c149a89,Timothy Davis,01/07/2001 06:16:22,Male
cba07c78-beee-40a0-ac5b-9373df45dd6c,Timothy Hartmann,12/20/1880 12:47:35,Female
1e955b53-85c5-498a-992e-2cca5c1eabcb,Timothy Ondricka,01/08/1910 05:19:28,Male
6d3d7a74-75d8-401e-9585-949d354ebef7,Tina Wehner,10/11/1935 14:16:15,Female
27b4a277-3c49-4955-9026-2f0c1afdbd38,Toby Kutch,02/14/1974 23:53:33,Male
df8433f6-16c0-45f0-af49-ff5927b61fc4,Todd Batz,02/22/1952 06:06:44,Female
d432acf3-38a7-4d17-a02b-2120ab847972,Todd Bergstrom,06/21/1961 08:01:02,Female
240af088-de63-4ffe-b50a-df8c187a38a5,Todd Mosciski,04/05/2010 23:55:00,Female
3bbbea68-680f-486a-b671-036dfb4dfa7f,Todd Reilly,01/22/1888 17:50:09,Male
2329d2d3-2884-4152-9c7b-e284fa840bfc,Tom Howell,02/14/1932 01:52:46,Female
36371ff3-de73-4fa2-b9cc-6ddcdbb2b92c,Tomas Hane,06/26/1963 09:53:21,Female
1c15b83a-727b-4a31-ae1f-cecc10fa0b31,Tommie Dibbert,02/15/2003 13:26:16,Male
cedad37a-8c21-4a21-a2b9-55fc8f20a984,Tommie Roberts,01/15/1927 00:47:56,Male
e6b5794c-ebc7-4d8f-be99-ea7008e45efb,Toni Daniel,04/26/1890 10:55:02,Male
d3fab18c-e2e3-4b3e-ba53-f1937da70376,Toni Lindgren,10/05/1910 08:22:15,Male
57c9a46e-7429-4b8e-a921-1f2e267b8ec5,Traci Hauck,10/09/1924 18:21:07,Female
7a183bf4-d954-43eb-b46f-87eca169ea0f,Tracy Bernhard,04/01/1994 23:17:56,Female
2b6fdcee-229e-4d46-b665-1f75afaacfb7,Tracy Champlin,10/20/2002 08:50:32,Female
c689ceb8-e9f8-4359-ba97-e1ff055f0751,Trevor Erdman,06/14/1959 10:12:56,Female
a454f450-2950-4751-aa63-be37bd2845ca,Trevor Moen,08/22/1907 21:31:47,Female
00928eb6-81e2-4262-9c26-04c71f4bf320,Trevor O'Keefe,04/12/1904 04:48:04,Female
4c5abb3d-4ab0-4528-bc89-6f98307cd50e,Tyler Dooley,05/28/1959 14:12:30,Female
9bab66e5-ce27-49fd-90c8-8458fcc2d019,Tyrone Kunze,07/18/2003 06:49:43,Male
b15a850e-9db0-42a1-b0c7-644b95f51218,Valerie Schroeder,05/15/1987 05:43:05,Female
9be513aa-732f-4fa4-83b2-9d2f79eb623a,Vanessa Dickens,04/10/1921 22:07:06,Male
d2997567-7e7c-41e8-913e-943721428293,Vanessa Hegmann,08/05/1878 15:58:30,Male
492aa5e5-731a-4313-8d9f-6b4cbfeabd53,Velma Carroll,02/05/1914 18:51:07,Male
f1814fdc-3216-44cf-b804-c5921527c325,Velma Pouros,06/03/1948 18:23:17,Female
bf293861-e08f-4c2f-9407-79559cf6c991,Velma Ratke,11/22/2004 19:48:32,Female
98019a38-678b-4470-bafc-1bfa35a14c43,Vera Gusikowski,05/29/1944 10:26:04,Male
3c1f4f36-d919-4465-a58b-125cceb57a52,Verna Rippin,06/14/1876 13:19:10,Female
79669da5-c99b-45b3-9a6e-4bab0e953d44,Verna Schulist,11/14/1969 11:26:41,Male
23aa68d5-2b9e-4499-b510-b4d071f2d95e,Veronica Boyle,12/15/1942 17:00:51,Male
1a877fff-9615-4b6e-a5fb-86b6f67661e4,Veronica Emard,08/15/1948 11:06:38,Female
7fad6794-71e7-4595-aed7-3ddd987d85e8,Veronica Nader,08/25/1908 02:46:44,Male
3b310d3a-0a2e-42ea-b872-036c18ad62bb,Veronica Roob,11/02/1974 17:49:33,Female
76100763-a6c7-4e41-94b7-e606ccb97dd5,Veronica Tromp,06/05/1952 13:09:26,Female
45ded035-1c2e-42f3-ad9f-2e51ace39348,Vicki Vandervort,06/18/1896 09:32:25,Female
3f22bb01-b28c-418e-ab8a-a6394aad37dc,Vicky McClure,04/16/1913 10:03:51,Female
25f97d66-b47b-4a14-94b3-1be8df5a2f61,Victor Bernhard,07/26/1967 08:58:41,Male
353d9bf9-5a06-4fa6-8f96-a1fcd40cf791,Victoria Hartmann,04/28/1913 20:05:11,Female
96aff9ff-9c0f-463a-9af5-fab6caaf2fef,Vincent Doyle,03/01/1910 01:11:47,Female
7355bea6-4153-4613-8e04-a396e283238c,Viola Bednar,12/05/1936 05:35:57,Male
7fd0795b-6aae-41be-8244-3f60a4879455,Viola Jacobs,07/02/1922 15:58:54,Female
634bcb54-7982-486b-9905-a4926c114b1e,Virginia Koelpin,02/17/1918 08:07:58,Female
64e54296-abe4-4423-a322-b1e656a4544e,Virginia Swaniawski,02/23/2012 02:35:15,Female
cb393ae2-9301-4f97-a10c-f5cdaa7ec4c1,Vivian Stark,01/07/1864 21:20:20,Female
660c5324-8807-491c-b639-353041999cbb,Vivian Vandervort,06/26/1873 23:23:55,Female
f277e0ba-9f6a-400d-b967-42711e6aff9f,Walter Hoppe,01/30/1865 15:34:18,Female
132c837c-aba9-4dba-9974-8f3a4b570d2e,Walter Leffler,06/16/1886 08:29:53,Male
a97220dc-397f-4a54-b247-059cf14c036a,Walter Powlowski,04/24/1916 08:00:49,Male
9e2e86be-78af-4ca8-a421-b588323db51f,Wanda Dare,09/07/1983 18:48:22,Female
806d4c97-db7c-478f-bd3c-39ee7c8e19c3,Wanda Wunsch,04/05/2001 00:42:03,Female
6bdcb125-7351-4912-8dc9-58ca81103727,Warren Bernier,09/23/1905 12:27:05,Male
06001413-e91a-4d73-baf4-73145f2077a9,Warren Kris,01/06/1881 11:10:35,Male
088b32a1-d513-48ab-ab81-75bbffbbfefe,Warren Langosh,01/28/1917 17:52:14,Female
9899962e-b35e-4883-9a9a-203afacd606f,Warren Schmidt,11/13/2005 15:12:57,Female
42613dbf-7b96-4418-abf6-a756327a9710,Wendy Jacobs,01/04/1936 17:31:08,Female
70907044-f330-4f99-b860-48ac82f2923b,Wesley Koepp,01/20/1876 18:45:13,Female
9c4fb93a-219f-472d-8693-977fabeb7cf0,Whitney Bernhard,01/25/1934 23:58:40,Female
ab7f35d3-ebfa-4a23-bcfb-b1840f844b5e,Willard Fay,02/26/1975 08:31:37,Female
502a473d-7505-4d56-9345-da168f2b1f30,William Hintz,05/01/2010 11:09:43,Male
7392705a-dc6b-4c31-955e-b621209d4da0,William Lang,06/27/1885 07:43:49,Female
fa7d155c-5807-417e-96fb-31e7eaf8fa31,William Lockman,11/28/1913 13:44:21,Male
55c6e25f-6387-4ee2-b4bf-ac6575215c99,William Nader,02/03/1929 19:23:01,Female
f9d213e7-2ec6-46a8-805c-cc81424371dd,William Tillman,07/11/1872 18:27:00,Male
fc5a5bf1-4014-4bcc-a63e-fb1caf0922f2,Willie O'Kon,07/12/1942 00:20:30,Male
5b94d100-8907-4c87-95bd-fe55ab0e7d49,Willis Kuhn,07/27/1948 18:39:58,Male
e9cb8a32-1ea8-46fe-9adc-709f6856ce80,Willis Leuschke,06/12/1928 14:56:19,Male
1a8cbe6d-4692-44e1-9bbb-68c02bb7f9a5,Willis Toy,12/24/1972 16:28:09,Female
d669eb3b-ddd3-4887-a8d0-b449a9545323,Wilson Gerhold,10/03/1950 13:22:29,Male
45458d41-bf47-498d-86d9-77186b6c20f4,Winifred Goodwin,08/20/1923 08:29:18,Male
3b090e5a-9c64-4dc2-a7e2-c77577c2ec90,Winston Beer,06/08/1866 21:04:35,Female
52ad7a5b-ee30-4613-8091-834adf476e19,Winston Von,05/11/1998 23:38:03,Female
a1cb8ff8-dded-4567-b426-3a50b9fe580f,Wm Bergstrom,03/25/1920 14:41:01,Male
8fd11082-147b-46a7-b34b-61896d17f26e,Wm Boyer,12/14/1893 07:40:36,Female
31b1b0d9-b08f-4db6-a197-71baffafb35c,Yvette Goldner,06/20/2002 02:04:07,Male
47136fb7-626e-4704-ad57-f7e405bd6b2c,Zachary D'Amore,12/20/1899 02:08:04,Male
